id,question,option_a,option_b,option_c,option_d,correct,difficulty,explanation,picture
1,"Kaip elgsitės, jei artėjate prie tolumoje esančios pėsčiųjų perėjos, bet nesate įsitikinę, kad prie perėjos nėra stovinčių žmonių? ","Privažiavęs perėją, prie jos sustosiu.",Atleisiu greičio pedalą.,Nestabdęs važiuosiu toliau., ,2,1,"Pirmas atsakymas netinka, nes tamsiu paros metu,  jei nesate įsitikinę, kad prie perėjos nėra stovinčių žmonių, prie kiekvienos perėjos sustoti nereikia. Užtenka atleisti greičio pedalą ir prireikus sustabdyti transporto priemonę.",1.jpg
2,Ką reiškia šis ženklas?,Dviratininkai.,Vaikai.,Gyvenamoji zona.,,1,1,"""Dviratininkai"" įspėja apie kelio ruožą, į kurį dažnai įvažiuoja ar jį kerta dviratininkai, elektrinių mikrojudumo priemonių vairuotojai.",2.jpg
3,"Ar vairuotojui turint KASKO draudimą, būtina užsisakyti ir privalomąjį civilinės atsakomybės draudimą?",Nebūtina.,Būtina.,,,2,1,"Privalomasis civilinės atsakomybės draudimas visuomet būtinas, net jei automobilis apdraustas KASKO draudimu. Primename, kad jei esate automobilio savininkas, šių dokumentų nebūtina vežiotis su savimi, tačiau įvykus eismo įvykiui, gali tekti pateikti jų duomenis kitam eismo įvykio dalyviui, pavyzdžiui, pildant eismo įvykio deklaraciją.",3.jpg
4,Krovininio automobilio vairuotojui gyvenamojoje zonoje neleidžiama važiuoti greičiau kaip:,30 km/h.,20 km/h.,60 km/h.,40 km/h.,2,2,Gyvenamojoje zonoje draudžiama važiuoti didesniu kaip 20 km/h greičiu.,4.jpg
5,Ar leidžiama javų kombainu važiuoti automagistrale?,Leidžiama,Leidžiama dienos metu.,Draudžiama.,,3,1,"Keliuose, pažymėtuose kelio ženklais „Automagistralė“ ar „Automobilių kelias“, draudžiama: judėti pėstiesiems, vadelioti, varyti gyvulius ar paukščius, joti, važiuoti dviračiais, elektrinėmis mikrojudumo priemonėmis, mopedais, visų rūšių keturračiais ir visomis kitomis transporto priemonėmis, išskyrus automobilius, motociklus, triračius, motociklus ir automobilius su priekabomis, jeigu šių motorinių transporto priemonių maksimalus konstrukcinis greitis arba greitis dėl jų techninės būklės ne mažesnis kaip 60 km/h.",5.jpg
6,Ar leidžiama vežti žmones krovininio automobilio kėbule? ,Leidžiama pritaikius atitinkamai kėbulą ir įrengus sėdėjimo vietas.,"Leidžiama, lydintiems krovinius.","Draudžiama išskyrus keleivius, vežamus krašto apsaugos sistemos poreikiams.",,3,2,"Keleivius vežti leidžiama tik tam skirtomis (arba specialiai tam pritaikytomis) transporto priemonėmis ir tik pagal konstrukciją keleiviams skirtose vietose. Krovininio automobilio kėbule vežti keleivius draudžiama, išskyrus keleivius, vežamus krašto apsaugos sistemos poreikiams, pritaikius kėbulą keleiviams vežti.",6.jpg
7,Ką reiškia šis kelio ženklas?,"Stovėjimo vieta, skirta elektromobiliams stovėti tik jų įkrovimo metu.",Lengvųjų automobilių stovėjimo vieta.,,,1,1,"Kelio ženklas 854. ""Elektromobiliai"". Nurodo, kad stovėjimo vieta skirta elektromobiliams stovėti tik jų įkrovimo metu.",7.jpg
8,Kas yra važiuojamųjų kelio dalių sankirta?,"Tai plotas, kurį riboja linijos, įsivaizduojamos pratęsus išorinius susikertančių važiuojamųjų kelio dalių kraštus.","Tai plotas, kurį riboja įsivaizduojamos linijos, jungiančios išorinius šaligatvių ar kelkraščių kraštus.",,,1,1,"Važiuojamųjų kelio dalių sankirta (toliau – važiuojamųjų dalių sankirta) – plotas, kurį riboja tiesios linijos, įsivaizduojamos pratęsus išorinius susikertančių važiuojamųjų dalių kraštus, neatsižvelgiant į tai, ar šie kraštai išplatinti ar suapvalinti.",8.jpg
9,Keliomis eilėmis leidžiama sustoti ir stovėti važiuojamoje dalyje lengviesiems automobiliams? ,Viena eile.,Dviem eilėmis.,Trimis eilėmis.,,1,2,Transporto priemonėms sustoti ir stovėti važiuojamojoje dalyje leidžiama viena eile.,9.jpg
10,Ar leidžiama taip apvažiuoti priverstinai sustojusį automobilį?,Leidžiama.,Draudžiama.,,,1,1,"Ištisines horizontaliojo ženklinimo linijas leidžiama kirsti išskirtiniu atveju, kai tęsti važiavimo nekeičiant eismo juostos neįmanoma dėl stacionarios kliūties važiuojamojoje dalyje (nuvirtęs medis, įvykęs eismo įvykis, priverstinai sustojusi ar neleistinoje vietoje stovinti transporto priemonė ar kiti stacionarūs objektai, dėl kurių eismas neįmanomas), jeigu tai daryti saugu ir nekliudoma kitiems eismo dalyviams.",10.jpg
11,Kokią reikšmę turi šie kelio ženklai?,"Stovėti draudžiama 20 m zonoje į priekį toje kelio pusėje, kurioje pastatyti kelio ženklai.","Stovėti draudžiama už 20 m toje kelio pusėje, kurioje pastatyti kelio ženklai.",,,1,1,"Kelio ženklas 333 - Stovėti draudžiama (Draudžiama transporto priemonėms stovėti toje kelio pusėje, kurioje yra ženklas. Negalioja skiriamuoju ženklu „Asmuo su negalia“ arba asmens su negalia automobilio statymo kortele pažymėtoms transporto priemonėms ir taksi su įjungtu taksometru. Jeigu naudojamas kartu su 1.9 ženklinimo linija, galioja iki šios linijos pabaigos).
Kelio ženklas 806 - Galiojimo zona į priekį (Nurodo pavojingo kelio ruožo arba kitų kelio ženklų, su kuriais ji naudojama, galiojimo zonos ilgį už kelio ženklo)",11.jpg
12,"Ar leidžiama apvažiuoti ta pačia kryptimi važiuojančias transporto priemones iš dešinės, važiuojant lėtėjimo ar greitėjimo juosta?",Draudžiama visais atvejais.,"Leidžiama, tik sukančias į kairę arba apsisukančias transporto priemones.","Leidžiama, jei netrukdote eismui.","Leidžiama tik tas, kurios važiuoja lėčiau kaip 30 km/h.",2,2,"Draudžiama transporto priemonėms (išskyrus dviračius, elektrines mikrojudumo priemones) apvažiuoti ta pačia kryptimi važiuojančias transporto priemones iš dešinės (išskyrus leistiną sukančių į kairę, apsisukančių transporto priemonių apvažiavimą iš dešinės) važiuojant kelkraščiu, lėtėjimo ar greitėjimo juosta. Ta pačia kryptimi lėčiau važiuojančias transporto priemones rekomenduojama apvažiuoti iš kairės.",12.jpg
13,"Dviračių ir kitų transporto priemonių, priskirtų motorinio dviračio kategorijai (elektriniai paspirtukai, elektriniai riedžiai ir pan., kurių greitis iki 25 km/val., galia iki 1 kW), vairuotojai dalyvaudami eisme privalo vadovautis Kelių eismo taisyklėmis, skirtomis:",pėstiesiems eismo dalyviams.,dviratininkams.,motorinių transporto priemonių vairuotojams.,,2,1,"Taisyklėse nustatyti reikalavimai dviračių vairuotojams, kelio ženklai, kelio ženklinimas taip pat privalomi motorinių dviračių vairuotojams.",13.jpg
14,Ką reiškia šviesoforo baltas rodyklės formos signalas juodame fone?,Kad galima važiuoti tik tiesiai.,"Perspėja, kad šitoje gatvėje vienpusis eismas.","Perspėja, kad reikia vadovautis kelio ženklais.",Leidžia maršrutinio transporto eismą nurodyta kriptimi.,4,1,"KET 801 p. Šviesoforų, skirtų maršrutiniam transportui, balti signalai juodame fone turi šias reikšmes:
801.1. S formos signalas draudžia maršrutinio transporto eismą;
801.2. horizontalaus brūkšnio formos signalas draudžia maršrutinio transporto eismą (išskyrus Taisyklių 29 ir 166 punktuose nurodytus atvejus) ir informuoja, kad šviesoforo signalai pasikeis;
801.3. kartu įjungti S formos ir horizontalaus brūkšnio formos signalai draudžia maršrutinio transporto eismą ir informuoja, kad netrukus bus įjungtas rodyklės (rodyklių) formos signalas;
801.4. rodyklės (rodyklių) formos signalas leidžia maršrutinio transporto eismą nurodyta (nurodytomis) kryptimi (kryptimis).",14.jpg
15,Kokių kelio ženklų grupei priklauso šis ženklas?,Draudžiamųjų.,Nurodomųjų,Transporto priemonių skiriamųjų ir informacinių,Įspėjamųjų,3,1,"Autobusuose, kuriuose įrengti saugos diržai, priešais kiekvieną sėdynę arba ant autobuso sėdynės ar šalia jos matomoje vietoje turi būti pavaizduotas informacinis ženklas „Užsisek saugos diržą“. Ženklas yra mėlynos ir baltos spalvos, jo apskritimo skersmuo – 60 mm, o balto apvado plotis – 3 mm. ",15.jpg
16,"Kaip privalo važiuoti transporto priemonės, jeigu kelio važiuojamoji dalis ženklinimo linijomis padalinta į eismo juostas?","Nebūtinai eismo juostomis, jei juostos pločio neužtenka.","Nebūtinai eismo juostomis, jeigu nėra daugiau transporto priemonių.",Tik šiomis eismo juostomis. Užvažiuoti ant brūkšninės ženklinimo linijos leidžiama tik persirikiuojant.,,3,1,"Jeigu važiuojamoji dalis horizontaliojo ženklinimo linijomis ir (arba) kelio ženklais suskirstyta į eismo juostas, transporto priemonės turi važiuoti šiomis juostomis. Užvažiuoti ant brūkšninių horizontaliojo ženklinimo linijų leidžiama tik persirikiuojant į kitą eismo juostą, kirsti ištisines horizontaliojo ženklinimo linijas leidžiama tik Taisyklių 3 priede nurodytais atvejais. Jeigu yra ištisinė horizontaliojo ženklinimo linija (vienguba ar dviguba), skirianti priešingų krypčių eismo juostas, vairuotojas privalo važiuoti dešiniau nuo jos. Ištisines horizontaliojo ženklinimo linijas ir nukreipimo saleles taip pat leidžiama kirsti išskirtiniu atveju, kai tęsti važiavimo nekeičiant eismo juostos neįmanoma dėl stacionarios kliūties važiuojamojoje dalyje (nuvirtęs medis, įvykęs eismo įvykis, priverstinai sustojusi ar neleistinoje vietoje stovinti transporto priemonė ar kiti stacionarūs objektai, dėl kurių eismas neįmanomas), jeigu tai daryti saugu ir nekliudoma kitiems eismo dalyviams.",16.jpg
17,"Ką privalote daryti, jeigu priverstinai sustojote neapšviestame kelio ruože tamsiu paros metu, arba esant blogam matomumui, sugedus gabaritinėms ir stabdžių šviesoms?",Apsukti transporto priemonę ir įjungti artimųjų šviesų žibintus.,"Jeigu neįmanoma pastatyti automobilio už kelio ribų - įjungti avarinę šviesos signalizaciją, o jeigu jos nėra, arba ji sugedusi – pastatyti avarinio sustojimo ženklą.",Pažymėti automobilį ryškiomis vėliavėlėmis.,,2,2,"KET 92. Jeigu avarinės šviesos signalizacijos transporto priemonėje nėra arba ji sugedusi ir priverstinai sustojama, kur sustoti arba stovėti draudžiama, arba įvykus eismo įvykiui, taip pat jeigu priverstinai sustojama ten, kur sustojusią transporto priemonę kiti eismo dalyviai pamatytų likus iki jos mažiau kaip 100 m, motorinės transporto priemonės (išskyrus mopedą, motociklą be priekabos), traktoriaus, savaeigės mašinos vairuotojas privalo nedelsdamas prieš transporto priemonių važiavimo kryptį toje važiuojamosios dalies pusėje pastatyti avarinio sustojimo ženklą: gyvenvietėse – ne arčiau kaip 25 m atstumu, o ne gyvenvietėse – ne arčiau kaip 50 m atstumu nuo sustojusios transporto priemonės. Jei važiuojant tamsiuoju paros metu arba esant blogam matomumui sugedo bent viena galinė gabaritinė šviesa ir neveikia avarinė šviesos signalizacija, norint tęsti judėjimą transporto priemonės gale privalo būti pritvirtintas avarinio sustojimo ženklas.

KET 151. Priverstinai sustojęs ten, kur sustoti (stovėti) draudžiama, transporto priemonės vairuotojas privalo įjungti avarinę šviesos signalizaciją, jeigu tokia įrengta, ir (ar) pastatyti avarinio sustojimo ženklą, kaip nurodyta Taisyklių 92 punkte, ir kuo skubiau pašalinti transporto priemonę nuo kelio. Jeigu norima sustoti neapšviestame kelio ruože tamsiuoju paros metu arba esant blogam matomumui ir avarinės šviesos signalizacijos nėra arba ji sugedusi, transporto priemonė turi būti pastatyta už kelio ribų. Jeigu to negalima padaryti, vietą būtina pažymėti taip, kaip nurodyta Taisyklių 92 punkte.",17.jpg
18,Kokia tvarka važiuos automobiliai?,"Geltonas, mėlynas, raudonas.","Raudonas, geltonas, mėlynas","Mėlynas, geltonas, raudonas",,3,3,"Kadangi sankryža lygiareikšmė, vairuotojai turi laikytis važiavimo per lygiareikšmių kelių sankryžas taisyklių. Pirmasis važiuoja mėlynas automobilis, nes geltonas  automobilis sukdamas į kairę lygiareikšmių kelių sankryžoje privalo praleisti mėlyną automobilį važiuojantį priešinga kryptimi tiesiai. Antras važiuoja - geltonas, nes jam įvažiavus į sankryža nebelieka kliūties iš dešinės, o paskutinis raudonas, nes jam kliūtis iš dešinės buvo geltonas automobilis.",18.jpg
19,Sidabrinis automobilis pajuda iš stovėjimo vietos. Kuris automobilis turės pirmumą?,Geltonas automobilis.,Sidabrinis automobilis.,,,1,3,"Sidabrinis automobilis prieš pajudėdamas iš stovėjimo vietos, turi įsitikinti, kad nekliudys kitiems eismo dalyviams ir duoti kelią šiuo atveju geltonam automobiliui.",19.jpg
20,Ar leidžiama sukti į kairę nurodyta kryptimi dvipusio eismo kelyje?,Draudžiama.,Leidžiama.,,,2,2,"Kelio ženklas „Važiuoti tiesiai“. Leidžiama važiuoti tik tiesiai. Kelio ženklas, pastatytas kelio ruožo pradžioje, galioja iki artimiausios sankryžos, nedraudžia sukti į dešinę, kai norima įvažiuoti į šalia kelio esančias teritorijas. Kelio ženklas, pastatytas prieš sankryžą, galioja tik toje važiuojamųjų dalių sankirtoje, prieš kurią jis pastatytas. Kelio ženklo reikalavimai netaikomi maršrutiniam transportui.",20.jpg
21,Šis ženklas draudžia:,"Krovininių automobilių ir transporto priemonių junginių, kurių masė didesne nei 3,5 t., eismą už 3 km.",Visų transporto priemonių eismą už 3 km.,"Krovininių automobilių, kurių masė didesne nei 3,5 t., eismą nuo ženklo 3 kilometrus.",,1,2,"KET 1 pr. 304. Kelio ženklas „Krovininių automobilių eismas draudžiamas”. Draudžiama važiuoti krovininiais automobiliais ir transporto priemonių junginiais, kurių didžiausioji leidžiamoji masė didesnė kaip 3,5 t arba didesnė už nurodytąją kelio ženkle, taip pat traktoriais ir savaeigėmis mašinomis, išskyrus aptarnaujantįjį transportą
KET 1 pr. 801. Kelio ženklas „Atstumas iki objekto"". Nurodo kryptį ir atstumą iki objekto arba pavojingo kelio ruožo pradžios. Lentelėje nurodyto objekto (ruožo) kryptis yra tiesiai.",21.jpg
22,Ar leidžiama sustoti kelkraštyje šioje vietoje?,Draudžiama.,Leidžiama.,,,2,2,Draudžiantis sustoti ir stovėti ženklas galioja tik iki gyvenvietės pabaigos. Todėl šioje situacijoje automobiliui taip stovėti leidžiama.,22.jpg
23,Kurio automobilio vairuotojas turi duoti kelią šioje situacijoje dvipusio eismo kelyje?,Mėlyno.,Žalio.,,,1,2,"Kadangi šis kelio ruožas pažymėtas brūkšnine horizontalaus ženklinimo linija, tai žalio automobilio vairuotojas gali lenkti ir turi važiavimo pirmumą. Pagal ženklinimo liniją suprantame, kad čia yra ne sankryža, o įvažiavimas į kiemą ar teritoriją.",23.jpg
24,Kokioms transporto priemonėms leidžiama stovėti šiuo kelio ženklu pažymėtoje stovėjimo vietoje?,"Transporto priemonėms pažymėtoms skiriamuoju ženklu „Asmuo su negalia"".",Tik transporto priemonėms su specialiais leidimais.,Aptarnaujančiam transportui.,Maršrutiniam transportui.,2,1,"„Rezervuota stovėjimo vieta”. Stovėjimo vieta, kurioje transporto priemonėms leidžiama stovėti tik su specialiais leidimais. Ne elektroniniai leidimai tvirtinami už priekinio stiklo.",24.jpg
25,Kada lenkiančiojo automobilio vairuotojui yra tikslingiausia grįžti į dešinę eismo juostą?,"Tuoj pat, kai tik aplenkė.",Kai nuvažiuoja daugiau kaip 100 m nuo lenkiamojo automobilio.,Kai lenkiančiojo automobilio vairuotojas pamato lenkiamąjį automobilį galinio vaizdo veidrodėlyje.,,3,2,"Vairuotojams rekomenduojama vengti nebūtinų lenkimo manevrų. Prieš pradėdamas lenkti, vairuotojas privalo imtis papildomų atsargumo priemonių ir įsitikinti, kad:
136.1. nė vienas iš važiuojančių paskui jį vairuotojų nepradėjo jo lenkti;
136.2. transporto priemonės, kurią ketinama lenkti, vairuotojas nerodo kairiojo posūkio signalo;
136.3. lenkimui būtina eismo juostos dalis yra laisva ir nebus kliudoma priešpriešiais atvažiuojančioms transporto priemonėms arba važiuojamąja dalimi judantiems pėstiesiems;
136.4. lenkiant bus užtikrintas saugus atstumas nuo lenkiamos transporto priemonės;
136.5. baigdamas lenkti, jis galės grįžti į savo eismo juostą, nesukliudydamas lenkiamai transporto priemonei.",25.jpg
26,Kokia eilės tvarka transporto priemonės važiuos per sankryžą (baltas automobilis – su įjungtais mėlynais ir raudonais švyturėliais ir specialiaisiais garso signalais)?,"Spec. transporto priemonė, raudonas automobilis, mėlynas automobilis, geltonas automobilis.","Spec. transporto priemonė, mėlynas automobilis, raudonas automobilis, geltonas automobilis.","Spec. transporto priemonė, mėlynas automobilis, geltonas automobilis, raudonas automobilis.","Spec. transporto priemonė, geltonas automobilis, mėlynas automobilis, raudonas automobilis.",1,3,"Tai lygiareikšmė sankryža, todėl vairuotojai privalo duoti kelią iš dešinės artėjančioms transporto priemonėms, jeigu transporto priemonių važiavimo trajektorijos kertasi. Kadangi baltas automobilis yra su įjungtais mėlynais ir raudonais švyturėliais bei specialiaisiais garso signalais, jis turi pirmenybę ir važiuoja pirmas.  Tuomet likę automobiliai laikosi dešinės rankos taisyklės. Antrasis per sankryžą pravažiuoja raudonas automobilis, nes pravažiavus baltam automobiliui jis nebeturi kliūties iš dešinės. Tada važiuoja mėlynas, nes pravažiavus raudonam nebeliko kliūties dešinėje ir galiausiai – geltonas automobilis.",26.jpg
27,Ką nurodo kelio ženklas?,Rekomenduoja už ženklo važiuoti ne greičiau kaip 40 km/h.,"Draudžia visuose keliuose, esančiose teritorijoje už ženklo, važiuoti greičiau kaip 40 km/h.",Draudžia važiuoti greičiau kaip 40 km/h tik iki artimiausios sankryžos.,,2,1,"„Riboto greičio zona"". Visuose keliuose, esančiuose teritorijoje už kelio ženklo, draudžiama važiuoti greičiau (km/h), negu nurodyta ženkle. Kai nurodytas laikas, ženklas galioja tik tuo laiku.",27.jpg
28,Ar privaloma sustoti prie STOP linijos sukant į dešinę šioje situacijoje?,Privaloma.,Neprivaloma.,,,2,2,"Sustoti privaloma tik prie pritvirtintos lentelės su žalia rodykle baltame fone. Čia papildoma sekcija su žaliu signalu į dešinę, todėl sustoti nereikia.",28.jpg
29,Ką nurodo kelio ženklas ir lentelės?,Kelio vingiai prasidės už 400 m ir tęsis 100 m.,Kelio vingiai prasidės už 100 m ir tęsis 400 m.,,,1,1,"KET 1 pr. 116. „Vingiai”. Kelio ruožas su mažo spindulio arba riboto matomumo vingiais. Pirmasis vingis į kairę/dešinę.
KET 1 pr. 805. „Galiojimo zona į priekį"". Nurodo pavojingo kelio ruožo arba kitų kelio ženklų, su kuriais ji naudojama, galiojimo zonos ilgį už kelio ženklo.
KET 1 pr. 801.„Atstumas iki objekto”. Nurodo kryptį ir atstumą iki objekto arba pavojingo kelio ruožo pradžios. Lentelėje nurodyto objekto (ruožo) kryptis yra tiesiai.",29.jpg
30,Kokiu greičiu leidžiama važiuoti galingojo keturračio vairuotojui kelio ruože už šių ženklų?,90 km/h.,80 km/h.,70 km/h.,,3,1,"Ne gyvenvietėse leidžiama važiuoti:
131.6. keturračiais, galingaisiais keturračiais – ne didesniu kaip 70 km/h greičiu;",30.jpg
31,Ar leidžiama geltono automobilio vairuotojui šioje sankryžoje apsisukti?,Leidžiama.,Draudžiama.,,,2,2,"Geltono automobilio vairuotojas, norėdamas apsisukti, privalėjo iš anksto persirikiuoti į kraštinę kairę juostą ir iš jos apsisukti.",31.jpg
32,Policijos automobilio specialusis garsinis signalas įjungtas. „2“ automobilis per sankryžą važiuos:,Pirmas.,Trečias.,Antras.,Paskutinis.,2,3,"Pirmas važiuoja policijos automobilis, nes turi įjungtus švyturėlius ir garsinį signalą, todėl visi privalo jį praleisti.
1 ir 2 yra pagrindiniame kelyje, o 4 – šalutiniame, todėl jis važiuos paskutinis.
Tarp 1 ir 2 galioja dešinės rankos taisyklė: 2 turi praleisti 1, nes 1 yra jam iš dešinės.",32.jpg
33,"Kurios grupės sėdynė skirta vaikams, kurie sveria nuo 22 iki 36 kg?",III,I,II,,1,2,"Žemesni kaip 135 cm ūgio vaikai lengvuoju ar krovininiu automobiliu vežami prisegti jų ūgiui ir masei pritaikytomis vaikų prisegimo sistemomis pagal gamintojo nurodytą dydžio intervalą ir didžiausią vaiko masę arba šias grupes:
199.1. 0 grupė skirta vaikams, kurie sveria mažiau kaip 10 kg;
199.2. 0+ grupė skirta vaikams, kurie sveria mažiau kaip 13 kg;
199.3. I grupė skirta vaikams, kurie sveria nuo 9 iki 18 kg;
199.4. II grupė skirta vaikams, kurie sveria nuo 15 iki 25 kg;
199.5. III grupė skirta vaikams, kurie sveria nuo 22 iki 36 kg.",33.jpg
34,Kokią įtaką stabdymo keliui turi ratų blokavimas?,Pailgėja stabdymo kelias.,Įtakos neturi.,Sutrumpėja stabdymo kelias.,,1,1,"Kai automobilio ratai užsiblokuoja stabdymo metu, jie praranda sukibimą su kelio danga. Toks slydimas sukelia, kad stabdymo trintis tampa mažesnė nei riedant riedėjimo būdu. Dėl to automobilis lėčiau stabdo, o stabdymo kelias prailgėja. Be to, vairuotojas praranda galimybę valdyti automobilį, todėl staigūs manevrai tampa pavojingi. Šiuolaikinėse transporto priemonėse naudojama ABS sistema, kuri neleidžia ratams užsiblokuoti ir užtikrina efektyvų bei saugų stabdymą.",34.jpg
35,"Kaip važiuodami jūs galite sužinoti, ar įjungtos jūsų automobilio tolimosios žibintų šviesos?",Pagal žalią kontrolinę lemputę.,Pagal geltoną kontrolinę lemputę.,Pagal mėlyną kontrolinę lemputę.,Pagal raudoną kontrolinę lemputę.,3,1,"Automobilio prietaisų skydelyje įjungus tolimosios šviesos žibintus, paprastai įsižiebia mėlyna kontrolinė lemputė. Tai leidžia vairuotojui lengvai pamatyti, kad šviesos veikia, net jei pats negali jų tiesiogiai matyti.",35.jpg
36,"Per kiek laiko iš kraujo pasišalina 1,0 promilė alkoholio?",Per 3 valandas.,Per 6 valandas.,Per 10 valandų.,,3,2,"Organizmas vidutiniškai pašalina apie 0,1–0,15 promilės per valandą. Todėl 1,0 promilės sumažinimui iki 0 gali prireikti dažnai apie 10 valandų, jei koncentracija buvo didelė.",36.jpg
37,Kaip elgsitės šioje situacijoje (troleibusas stovi prieš perėją)?,"Privažiavę prie pėsčiųjų perėjos, sumažinsite greitį ir nematydami pėsčiųjų, važiuosite toliau.","Privažiavę prie pėsčiųjų perėjos, sustosite ir įsitikinę, kad nėra pėsčiųjų, važiuosite toliau.","Važiuosite tokiu pat greičiu kaip ir anksčiau, nekreipdami dėmesio į sustojusį troleibusą.",,2,2,"Tokioje situacijoje gali nesimatyti už troleibuso einančių pėsčiųjų, todėl jei važiuosite nesustodami, galite juos nutrenkti. Todėl prie perėjos būtina sustoti ir važiuoti tik praleidus pėsčiuosius arba įsitikinus, kad jų nėra.",37.jpg
38,"Pastatytas gyvenvietėje kelio ženklas įspėja, kad:",Pavojingas ruožas su vingiais prasidės už ženklo nuvažiavus 50-100 m.,Pavojingas ruožas su vingiais prasidės iš karto už ženklo.,Pavojingas ruožas su vingiais prasidės už ženklo nuvažiavus 150-300 m.,,1,1,"Ne gyvenvietėse 101–137, 150 įspėjamieji ženklai statomi 150–300 m, o gyvenvietėse – 50–100 m atstumu iki pavojingo kelio ruožo pradžios.",38.jpg
39,"Jeigu šioje situacijoje prie sankryžos artėja automobilis su įjungtais specialiais garso signalais ir švyturėliais (mėlynu ir raudonu), raudono automobilio vairuotojas:","Važiuos toliau niekam neduodamas kelio, nes jam dega žalias šviesoforo signalas.",Privalo duoti kelią spec. transportui.,,,2,2,Eismo dalyviai privalo nedelsdami duoti kelią artėjančioms specialiosioms transporto priemonėms su įjungtais mėlynais ir raudonais (arba tik mėlynais) švyturėliais ir specialiaisiais garso signalais ir jų lydimoms transporto priemonėms.,39.jpg
40,Kokiu maksimaliu greičiu už šio ženklo leidžiama važiuoti 6 val. ryto?,90 km/h.,70 km/h.,60 km/h.,,2,1,Kelio ženklas galioja nuo 21 val. vakaro iki 7 val. rytoj (visą naktį). Todėl galioja ir 6 val. ryto.,40.jpg
41,Kurio automobilio vairuotojas važiuos per sankryžą antras?,Krovininio automobilio.,Geltono automobilio.,Raudono automobilio.,,3,3,"Pagrindiniu keliu važiuojantys geltonas ir raudonas automobilis turi vieni kitų atžvilgiu turi laikytis važiavimo per lygiareikšmių kelių sankryžas taisyklių. Todėl geltonas važiuos pirmas, nes raudonas turi kliūtį iš dešinės (geltoną automobilį). Tuomet važiuos raudonas ir galiausiai – krovininis automobilis.",41.jpg
42,"Ar, užsidegus žaliam šviesoforo signalui, galite apsisukti?","Taip, jeigu važiuojate antra eismo juosta.",Ne.,,,1,2,"Jei kelio ženklai ir/ar kelio žymėjimas leidžia, sukti į kairę/apsisukti galima užsidegus bendram žaliam šviesoforo signalui, tik praleidus iš priekio važiuojančius automobilius, taip pat kertamu keliu einančius pėsčiuosius ir dviratininkus.",42.jpg
43,Kurio automobilio vairuotojas turi pirmenybę?,Mėlyno automobilio vairuotojas.,Raudono automobilio vairuotojas.,,,1,3,"Čia taikoma dešinės pusės taisyklė. Raudonas turi kliūtį iš dešinės, todėl važiuoja antras.",43.jpg
44,Kurio automobilio vairuotojas važiuos per sankryžą paskutinis (baltas automobilis suka į kairę)?,Balto automobilio vairuotojas.,Mėlyno automobilio vairuotojas.,Žalio automobilio vairuotojas.,,2,3,"Žalias ir baltas automobiliai yra lygiareikšmiame pagrindiniame kelyje, todėl pirmas važiuos žalias automobilis, nes baltas turi kliūtį iš dešinės (tą patį žalią automobilį). Tuomet važiuos baltas ir galiausiai – mėlynas (nes jis yra šalutiniame kelyje).",44.jpg
45,Ar leidžiamas toks lenkimo manevras šiame kelio ruože?,Taip.,Ne.,,,2,2,"Kadangi lenkimo manevras yra pradėtas prieš geležinkelio pervažą ir vyksta pervažoje, tai toks lenkimas yra KET pažeidimas.",45.jpg
46,Kokį posūkio signalą rodysite važiuodami lygiareikšmėje sankryžoje ne gyvenvietėje tiesiai?,Kairio posūkio.,Dešinio posūkio.,Nerodysiu jokio.,,3,2,"Važiuojant tiesiai posūkio signalas nerodomas, nes nekeičiama važiavimo kryptis.",46.jpg
47,Ką žymi geltonomis linijomis pažymėtas plotas važiuojamųjų dalių sankirtoje?,"Žymi vietą, į kurią įvažiuoti draudžiama, jeigu joje ar už jos yra kliūtis.",Žymi pėsčiųjų perėją.,Žymi pavojingą kelio ruožą.,,1,1,"Geltonomis linijomis pažymėtas plotas važiuojamųjų dalių sankirtoje žymi vietą, į kurią įvažiuoti draudžiama, jeigu joje ar už jos yra kliūtis, kuri priverstų vairuotoją sustoti važiuojamųjų dalių sankirtoje ir trukdyti kitų transporto priemonių eismui.",47.jpg
48,Ar kelyje dirbantis asmuo yra laikomas pėsčiuoju?,Taip.,Ne.,,,2,1,"Kelyje dirbantis asmuo – asmuo, taisantis ar prižiūrintis kelią, technines eismo reguliavimo priemones, reguliuojantis ir kontroliuojantis eismą, šalinantis nuo kelio arba aptveriantis priverstinai sustojusią transporto priemonę ar kitokią kliūtį, likviduojantis eismo įvykio ar kito nelaimingo atsitikimo padarinius, atliekantis kitus gelbėjimo darbus, teikiantis medicinos pagalbą kelyje esančiam eismo įvykio metu nukentėjusiam asmeniui ar kitam asmeniui, kuriam reikalinga medicinos pagalba.",48.jpg
49,Pradedantieji vairuotojai privalo žymėti automobilį šiuo skiriamuoju ženklu:,Tik priekyje.,Tik gale.,Priekyje ir gale.,,2,1,"Pradedantiesiems vairuotojams privaloma automobilio galinės dalies kairėje pusėje turėti baltą kvadrato formos skiriamąjį ženklą su žaliu apvadu ir žaliu klevo lapu viduryje. Kvadrato kraštinės ilgis – nuo 100 mm iki 150 mm, apvado plotis – 1/10 kraštinės ilgio.",49.jpg
50,Ką nurodo šis kelio horizontalusis ženklinimas?,"Nurodo, kad artėjama prie „Stop"" linijos, kai ji naudojama kartu su ženklu ""Stop"".","Nurodo, kad artėjama prie būtino sustojimo vietos.","Nurodo vietą, kur privaloma praleisti pėsčiuosius.",,1,1,"Užrašas „STOP“ praneša, kad artėjama prie 1.11 ženklinimo linijos, kai ji naudojama kartu su kelio ženklu „Stop“.",50.jpg
51,"Važiuodamas blogo matomumo sąlygomis, vairuotojas turi pasirinkti tokį greitį, kad sustojimo kelias būtų:",Mažesnis už matomo kelio ruožo ilgį.,Didesnis už matomo kelio ruožo ilgį.,,,1,2,"Tai užtikrina, kad pastebėjus kliūtį, automobilis spės sustoti saugiai, neviršijant matomos zonos ribų.",51.jpg
52,Apie ką įspėja šis simbolis užsidegęs prietaistų skydelyje?,Perdegė saugikliai.,Nekraunamas akumuliatorius.,Gedimas stabdžių antiblokavimo sistemoje.,,3,2,"Užsidegęs ABS (angl. Anti-lock Braking System) simbolis prietaisų skydelyje įspėja apie gedimą stabdžių antiblokavimo sistemoje. Tai reiškia, kad sistema aptiko klaidą ir automatiškai išjungė ABS funkciją, jog būtų išvengta neteisingo stabdžių veikimo.",52.jpg
53,Kuriame iš nurodytų variklio darbo režimų akumuliatoriaus baterija yra vienintelis imtuvų naudojamos energijos šaltinis?,Kai variklio alkūninio veleno sukimosi dažnis yra vidutinis ir didesnis.,Kai nedirba variklis.,Kai variklio alkūninio veleno sukimosi dažnis mažas ir vidutinis.,,2,3,"Akumuliatorius vienintelis energijos šaltinis yra ACC (priedų) režime, kai variklis neveikia.",53.jpg
54,Kuriuos ratus stabdo stovėjimo stabdys?,Tik galinius.,Tik priekinius.,"Ir priekinius, ir galinius.",Galinius arba priekinius.,4,2,"Stovėjimo stabdys stabdo priekinius arba galinius ratus, priklausomai nuo automobilio konstrukcijos. Daugelyje lengvųjų automobilių jis veikia galinius ratus, tačiau kai kuriose senesnėse arba specialiose mašinose gali būti sujungtas su priekiniais ratais.",54.jpg
55,"Įvažiuodami į sankryžą, kurioje eismas vyksta ratu, visada privalote:",Sukti į dešinę.,Rodyti posūkio į dešinę signalą.,Sukti į kairę.,,1,1,"Įvažiuodami į sankryžą, kurioje eismas vyksta ratu, visada privalote duoti kelią ja jau važiuojantiems transporto priemonių vairuotojams. Pagal KET, įvažiuojant į žiedinę sankryžą negalima rodyti posūkio signalo. Taip pat privaloma laikytis nustatytų eismo juostų, paisyti žiedinę sankryžą reguliuojančių kelio ženklų (pvz., „Duoti kelią“), šviesoforų ir saugaus greičio.",55.jpg
56,"Iš kelio be dangos ketinate pasukti į dešinę, į kelią su asfalto danga. Kaip pasielgsite šioje situacijoje?","Važiuosiu pirma(s), nes turiu pirmumo teisę.",Praleisiu iš kairės atvažiuojantį automobilį.,,,2,2,"Pagal Kelių eismo taisykles (KET), išvažiuodami iš kelio be dangos (žvyrkelio, lauko ar miško kelio) į asfaltuotą kelią, privalote duoti kelią ir sustoti (jei reikia) ir praleisti visas transporto priemones, važiavimo kryptimi kertančias jūsų kelią, nes asfaltuotas kelias šiuo atveju yra laikomas pagrindiniu, palyginti su keliu be dangos.",56.jpg
57,"Kodėl pravažiavęs (-usi) posūkį turite įsitikinti, kad posūkio signalas išjungtas?",Kad neakinčiau kitų eismo dalyvių.,Kad nesekinčiau akumuliatoriaus,Kad negadinčiau posūkio indikatoriaus perjungiklio (rėlės).,Kad neklaidinčiau kitų eismo dalyvių.,4,1,"Pravažiavus posūkį būtina įsitikinti, kad posūkio signalas išjungtas, jog neklaidintumėte kitų eismo dalyvių ir išvengtumėte avarinių situacijų. Klaidingas signalas gali priversti kitus vairuotojus klaidingai manyti, kad vėl sukate ar sustojate, o tai sukelia pavojų.",57.jpg
58,Ar leidžiama apsisukti šioje sankryžoje 15 valandą?,Taip.,Ne.,,,2,2,"Šioje sankryžoje matosi kelio ženklas, kuris nurodo, kad galima važiuoti tiesiai arba pasukti į kairę. Po ženklo yra lentelė su laiku „14–17 h“, tai reiškia, kad tais valandomis galioja šis apribojimas. Kadangi apsisukti ženklas neleidžia, 15 valandą apsisukti negalima.",58.jpg
59,"Važiuojant automagistrale, sugedo Jūsų automobilis. Sustojote asfaltuotame kelkraštyje. Kur saugiausia laukti pagalbos?",Ant vejos (šalikelėje).,Už automobilio.,Automobilyje.,Prieš automobilį.,1,2,"Saugiausia laukti pagalbos už kelio atitvarų, ant žalios vejos (šalikelėje), toliau nuo važiuojamosios dalies.",59.jpg
60,Ką reiškia brūkšninė balta linija išilgai kelio vidurio?,Reikia saugotis priešpriešais atvažiuojančių transporto priemonių.,"Kirsti ją galima tik tokių atveju, kai tai daryti saugu.",Nelenkti.,,2,1,Brūkšninė balta linija išilgai kelio vidurio žymi eismo juostų ribas ta pačia kryptimi važiuojančioms transporto priemonėms.,60.jpg
61,Kada galite sustabdyti transporto priemonę važiuojamųjų dalių sankirtoje?,Kai laukiu galimybės pasukti į kairę.,"Kai esant intensyviam eismui suku į dešinę, į pagrindinį kelią.",Niekada.,,1,2,"Kai laukiate pasukti į kairę, leidžiama sustoti, kad praleistumėte priešpriešinį eismą.",61.jpg
62,Ką reiškia šis ženklas?,Draudžiama įvažiuoti.,Draudžiama važiuoti tiesiai.,Privaloma važiuoti tiesiai.,,3,1,Ženklas privaloma važiuoti tiesiai.,62.jpg
63,"Kokiu didžiausiu greičiu leidžiama važiuoti krovininiu automobiliu, kurio didžiausioji leidžiamoji masė yra 3,5 t, tempiant priekabą gyvenvietėje?",40 km/h,60 km/h,50 km/h,,3,2,"Ženklas „Gyvenvietė"" (Tytuvėnai), reiškia, kad įvažiuojate į gyvenvietę ir pradeda galioti gyvenvietės taisyklės. Maksimalus greitis 50 km/h.",63.jpg
64,"Išlaikęs (-iusi) egzaminus valstybės įmonėje „Regitra"", galite pradėti važinėti savarankiškai:",Tuojau pat.,Tik gavęs (-usi) vairuotojo pažymėjimą.,Turėdamas (-a) egzamino protokolo kopiją.,,2,1,"Nors egzaminai išlaikyti, vairuoti leidžiama tik turint fizinį pažymėjimą, nes jį privaloma pateikti patikrinimo metu. ",64.jpg
65,"Ar leidžiama lengvojo automobilio vairuotojui sustoti dešinėje kelio, pažymėto šiuo kelio ženklu, juostoje?",Leidžiama,Draudžiama,,,2,1,"Ženklas rodo, kad dešinioji eismo juosta skirta maršrutiniam transportui (autobusams). Dėl to lengvojo automobilio vairuotojui joje sustoti negalima, nebent papildomi ženklai leistų.",65.jpg
66,Ar leidžiama vežti žmones prikabinamame vasarnamyje?,Leidžiama,Draudžiama,,,2,1,"Prikabinamasis vasarnamis nėra skirtas žmonėms vežti važiuojant, todėl jame keleivių būti negali.",66.jpg
67,Kaip pasielgsite į stačią įkalnę važiuodamas (-a) automobiliu su mechanine pavarų dėže?,Įjungsiu aukštesnę pavarą.,Įjungsiu žemesnę pavarą.,Paliksiu tą pačią pavarą.,,2,2,"Važiuojant į stačią įkalnę su mechanine pavarų dėže reikia žemesnės pavaros, nes ji suteikia daugiau traukos ir varikliui lengviau tempti automobilį į kalną.",67.jpg
68,Dėl priešais Jus važiuojančios lėtaeigės transporto priemonės esate priversti smarkiai sumažinti vairavimo greitį. Kaip pasielgsite?,"Pasignalizuosiu šviesomis, ragindama(s) važiuoti greičiau.","Važiuosiu arti iš paskos, kad kuo greičiau aplenkčiau.","Važiuosiu iš paskos tol, kol atsiras galimybė saugiai aplenkti.",,3,2,"Net jei priekyje važiuojanti lėtaeigė transporto priemonė trukdo, negalima spausti jos šviesomis ar važiuoti per arti. Reikia laikytis saugaus atstumo ir laukti momento, kai aplenkti bus saugu ir leidžiama.",68.jpg
69,Važiuojate automagistrale. Kada galite važiuoti kairiąja eismo juosta?,Kol apvažiuosiu dešiniąja eismo juosta lėčiau važiuojančias transporto priemones.,"Galiu važiuoti visą laiką, net jei dešinioji eismo juosta laisva.",,,1,2,"Automagistralėje reikia važiuoti kuo dešiniau, o kairioji juosta skirta lenkti ar apvažiuoti. Baigus manevrą, reikia grįžti į dešiniąją juostą.",69.jpg
70,Vairavimo egzamino metu:,"Važiuosiu labai lėtai, kad padaryčiau įspūdį egzaminuotojui.",Važiuosiu kaip esu įpratęs (-usi).,,,2,1,"Per vairavimo egzaminą nereikia specialiai važiuoti neįprastai lėtai ar kitaip stengtis padaryti įspūdį. Svarbiausia vairuoti ramiai, užtikrintai, laikantis kelių eismo taisyklių ir taip, kaip esate įpratęs saugiai vairuoti.",70.jpg
71,Reguliuotojo rankos nuleistos. Sankryžoje įjungtas raudonas šviesoforo signalas. Ar Jums leižiama važiuoti tiesiai?,Leidžiama,Draudžiama,,,1,2,"Kai sankryžoje eismą reguliuoja reguliuotojas, jo signalai yra svarbesni už šviesoforo signalus. Jei reguliuotojo rankos nuleistos ir jis stovi šonu į jus, važiuoti tiesiai leidžiama, nors šviesoforas rodo raudoną signalą.",71.jpg
72,Ką reiškia šis kelio ženklas?,Visų buvusių apribojimų pabaiga.,"Zonos, kurioje draudžiama stovėti, pabaiga.","Zonos, kurioje draudžiama sustoti, pabaiga.",Pagrindinio kelio pabaiga.,4,1,"Geltonas rombas reiškia pagrindinį kelią, o perbrauktas įstrižomis juodomis linijomis jis rodo, kad pagrindinis kelias baigiasi. Toliau važiuojant reikia atidžiai stebėti kitus ženklus ir sankryžose vadovautis pirmumo taisyklėmis.",72.jpg
73,Sankryžoje ketinate pasukti į dešinę. Kaip pasielgsite šioje situacijoje?,"Pasuksiu prieš dviratininką, nes turiu pirmumo teisę.",Praleisiu tiesiai važiuojantį dviratininką ir pasuksiu.,,,2,2,Sukdamas į dešinę privalote praleisti ta pačia kryptimi tiesiai važiuojantį dviratininką. Tik jį praleidę galite saugiai atlikti posūkį.,73.jpg
74,Kokia eilės tvarka transporto priemonės važiuos per sankryžą (baltam automobiliui šviečia žalias šviesoforo signalas)?,"Rudas kartu su žaliu, baltas.","Žalias, rudas, baltas.","Baltas, rudas kartu su žaliu.",,3,3,"Žalios spalvos šviesoforo signalas dega visiems trims automobiliams. Pirmasis per sankryžą važiuos baltas automobilis, todėl kad rudas ir žalias sukdami į kairę privalo praleisti sukančius į dešinę automobilius. ",74.jpg
75,"Turintiems mokymo įstaigos išduotą pažymėjimą, važiuoti dviračiu keliais leidžiama nuo:",12 m.,14 m.,16 m.,,1,1,"KET 55. Važiuoti važiuojamąja dalimi dviračiu leidžiama ne jaunesniems kaip 14 metų asmenims, o išklausiusiems Lietuvos Respublikos švietimo, mokslo ir sporto ministerijos nustatytą mokymo kursą ir turintiems mokyklos išduotą pažymėjimą, – ne jaunesniems kaip 12 metų asmenims. Prižiūrint suaugusiajam, važiuoti važiuojamąja dalimi dviračiu leidžiama ne jaunesniems kaip 8 metų asmenims. Gyvenamojoje zonoje dviračių vairuotojų amžius neribojamas.",75.jpg
76,Ar balto automobilio vairuotojas turi pirmumo teisę važiuoti (jis suka į kairę)?,Turi.,Neturi.,,,2,2,"Abu automobiliai yra pagrindiniame kelyje, todėl tarpusavyje laikosi dešinės pusės taisyklės. Mėlynas neturi kliūties iš dešinės, todėl važiuoja pirmas. Todėl baltas pirmumo šiuo atveju neturi.",76.jpg
77,"Kurių transporto priemonių vairuotojai, važiuodami rodyklių kryptimis, privalo duoti kelią kitiems eismo dalyviams?",Raudono automobilio.,Juodo automobilio.,Mėlyno automobilio.,Dviračio vairuotojas.,3,3,"Mėlyno automobilio vairuotojas išvažiuoja iš stovėjimo aikštelės (kiemo), todėl privalo duoti kelią visoms kelyje, į kurį įvažiuoja, transporto priemonėms.",77.jpg
78,"Kokia eilės tvarka transporto priemonės važiuos per sankryžą (juodas automobilis važiuoja su įjungtais oranžinės spalvos švyturėliais, baltas suka į kairę)?","Baltas ir mėlynas kartu, juodas.","Juodas, baltas, mėlynas.","Mėlynas, baltas, juodas.","Juodas, mėlynas, baltas.",1,3,"Iš pradžių važiuos baltas ir mėlynas, nes abu yra pagrindiniame kelyje ir jų trajektorijos nesikerta. Juodas važiuos paskutinis, nes juda iš šalutinio kelio. Oranžiniai švyturėliai pirmenybės nesuteikia.",78.jpg
79,Ką draudžia šis ženklas?,"Stovėti transporto priemonėms lyginėmis mėnesio dienomis toje pusėje, kurioje yra šis ženklas.","Stovėti transporto priemonėms nelyginėmis savaitės dienomis toje pusėje, kurioje yra šis ženklas.",,,1,1,"Lyginės mėnesio dienos yra 2, 4, 6, 8 ir t.t. Lyginė mėnesio diena tampa nelygine atėjus 24 valandai.",79.jpg
80,"Kam leidžiama važiuoti per geležinkelio pervažą, jei joje dega raudonas šviesoforo signalas?","Specialiųjų transporto priemonių vairuotojai, važiuodami kelyje su įjungtais mėlynais ir raudonais (arba tik mėlynais) švyturėliais ir specialiaisiais garso signalais.",Automobiliai su įjungtais oranžiniais švyturėliais.,Kelių priežiūros automobiliai.,Visoms transporto priemonėms eismas draudžiamas,1,1,"Specialiųjų tarnybų darbuotojai patys sprendžia, kada saugu važiuoti per geležinkelio pervažą, kada ne.",80.jpg
81,"Lentelė nurodo, kad:",Taip pažymėtas ruožas dažnai būna slidus dėl ledo arba sniego.,Šiame ruože žema oro temperatūra.,,,1,1,"KET 1 pr. 848. „Apledėjęs kelias"". Taip pažymėtas ruožas dažnai būna slidus dėl ledo arba sniego.",81.jpg
82,Kas privalo praleisti?,Dviračio vairuotojas.,Automobilio vairuotojas.,,,1,2,"Dviračio vairuotojas, artėdamas prie vietos, kur reikia kirsti važiuojamąją dalį, visais atvejais privalo sumažinti važiavimo greitį ir gali tęsti judėjimą tik įsitikinęs, kad važiuoti saugu. Be to, dviračio vairuotojas, norėdamas kirsti važiuojamąją dalį ten, kur eismas nereguliuojamas, privalo praleisti važiuojamąja dalimi važiuojančias transporto priemones, išskyrus tuos atvejus, kai kerta išvažiavimus iš šalia kelio esančių teritorijų, gyvenamosios zonos, kiemo, stovėjimo aikštelės, kai kerta važiuojamąją dalį, į kurią kiti vairuotojai suka.",82.jpg
83,Kokiais atvejais leidžiama pravažiuoti šį kelio ženklą?,Neleidžiama jokiais atvejais.,"Leidžiama, jeigu jūsų automobilio įskaitant priekabą masė su kroviniu nėra didesnė negu nurodyta ženkle.","Leidžiama visada, tik saugiu greičiu.","Leidžiama, jeigu vienos ašies apkrova neviršyja nurodytą ženkle.",2,1,"KET 1 priedas. 314. „Ribota masė“ . Draudžiama važiuoti transporto priemonėmis, taip pat transporto priemonių junginiais, kurių masė su kroviniu ar be jo yra didesnė už nurodytą ženkle.",83.jpg
84,"Kokiu didžiausiu greičiu už šio kelio ženklo, kelyje su asfalto danga (ne greitkelyje ir ne automagistralėje), gali važiuoti vairuotojas, neturintis 2 metų vairavimo stažo?",80 km/h.,70 km/h.,60 km/h.,50 km/h.,1,1,"KET 131. Ne gyvenvietėse leidžiama važiuoti:
131.2. A1, A2, A arba B kategorijų transporto priemonėmis, kurias vairuoja pradedantieji vairuotojai, besimokantys vairuoti arba laikantys praktinį vairavimo egzaminą asmenys, autobusais (įskaitant mokyklinius) automagistralėse – ne didesniu kaip 100 km/h greičiu, greitkeliuose – ne didesniu kaip 90 km/h greičiu, keliuose su asfalto ar betono danga – ne didesniu kaip 80 km/h greičiu, kituose keliuose – ne didesniu kaip 70 km/h greičiu;
SEAKį 2 straipsnis. Pagrindinės šio įstatymo sąvokos
31. Mokinys – asmuo, kuris nustatyta tvarka mokosi vairuoti transporto priemonę.
52. Pradedantysis vairuotojas – asmuo, įgijęs teisę vairuoti A, A1, A2, B, B1 kategorijos motorinę transporto priemonę ir turintis vairavimo stažą iki dvejų metų.",84.jpg
85,Kokia eilės tvarka automobiliai važiuos per sankryžą?,"Raudonas, geltonas, mėlynas.","Raudonas kartu su mėlynu, geltonas.","Geltonas, raudonas kartu su mėlynu.",,3,3,"KET 154. Nelygiareikšmių kelių sankryžoje šalutiniu keliu važiuojantis vairuotojas privalo duoti kelią transporto priemonėms, artėjančioms prie sankryžos pagrindiniu keliu.",85.jpg
86,Kas turi pirmumo teisę važiuoti per sankryžą?,Mėlyno automobilio vairuotojas.,Dviratininkas.,,,2,2,"Sankryžoje matome kelio ženklus ir šviesoforą, tačiau pagal kelių eismo taisykles, šviesoforas turi pirmenybę prieš kelio ženklus.  Šviesofore matome, jog dega žalios spalvos signalas leidžiantis eismą nurodytomis kryptimis. Tad dviratininkas vadovaujasi šviesoforu ir važiuoja per sankryžą pirmas. Automobilis suka į kairę, tad turi prealeisti į dešinę sukantį dviratininką (KET 157 p).",86.jpg
87,Ar leidžiama šioje situacijoje apsisukti?,Taip.,Ne.,,,2,2,"Apsisukęs automobilis atsidurtų A juostoje, kurioje jam važiuoti draudžiama.",87.jpg
88,"Kada galioja kelio ženklas, su kuriuo yra naudojama ši papildoma lentelė?",Esant sausai kelio dangai.,Esant drėgnai (šlapiai) kelio dangai.,,,2,1,"KET 1 pr. 845 „Drėgna danga”. Nurodo, kad ženklas, su kuriuo naudojama lentelė, galioja tada, kai važiuojamosios dalies danga drėgna (šlapia).",88.jpg
89,Ką žymi horizontali ištisinė juoda linija?,"Žymi šoninius aptvėrimų (atitvarų) paviršius staigiuose posūkiuose, stačiose nuokalnėse ir kituose pavojinguose ruožuose.","Žymi signalinius įrenginius, pastatytus skiriamosiose juostose arba saugumo salelėse.",Žymi gatvės bortelius pavojinguose ruožuose ir iškilias saugumo saleles.,Žymi šoninius aptvėrimų (atitvarų) paviršius kituose kelių ruožuose.,4,3,Horizontali ištisinė juoda linija žymi šoninius aptvėrimų (atitvarų) paviršius kituose kelių ruožuose.,89.jpg
90,Ką žymi horizontalios juodos ir baltos juostos?,"Žymi, kad kelio statiniai kelia pavojų važiuojančioms transporto priemonėms.","Žymi tiltų, viadukų ir tunelių konstrukcijų apatinį kraštą.","Žymi signalinius įrenginius, pastatytus skiriamosiose juostose arba saugumo salelėse.","Žymi signalinius stulpelius, užtvarus, aptvėrimų (atitvarų) atramas.",3,3,"Horizontalios juodos ir baltos juostos žymi signalinius įrenginius, pastatytus skiriamosiose juostose arba saugumo salelėse.",90.jpg
91,"Kaip pasielgsite, kai važiuodami keliu artėjate prie riboto matomumo kelio vingio?",Važiuosiu nekeičiant greičio.,Atleisiu akseleratorių.,Stabdysiu.,,3,3,"Vairuotojas artėdamas prie kelio vingio turi įvertinti, kad vingis gali būti staigesnis nei jis tikisi, todėl turi pasirinkti saugų greitį ir tinkamą padėtį kelyje, kad neįvažiuotų į priešpriešinio eismo juostą. Saugus greitis priklauso nuo visų aplinkybių: oro sąlygų, kelio ir transporto priemonės techninės būklės, taip pat nuo vairuotojo patirties ir savijautos.",91.jpg
92,Ką žymi vertikalios įstrižos juodos ir baltos juostos ant kelio statinių? ,"Žymi, kad kelio statiniai kelia pavojų važiuojančioms transporto priemonėms.","Žymi tiltų, viadukų ir tunelių konstrukcijų apatinį kraštą.","Žymi signalinius įrenginius, pastatytus skiriamosiose juostose arba saugumo salelėse.","Žymi signalinius stulpelius, užtvarus, aptvėrimų (atitvarų) atramas.",1,3,"Įstrižos juodos ir baltos juostos žymi kelio statinių (tiltų, viadukų atramų, aptvėrimų (atitvarų) galinių dalių ir taip toliau) vertikaliuosius elementus, kai šie elementai kelia pavojų važiuojančioms transporto priemonėms, taip pat žymi nukreipiamųjų kelio ženklų Nr. 407–409 atramas skiriamosiose juostose, kelių atsišakojimo vietose.",92.jpg
93,Kuriomis kryptimis leidžiama važiuoti? ,Važiuoti draudžiama.,Tik į kairę ir apsisukti.,Tik į dešinę.,Visomis nurodytomis kryptimis.,1,3,Reguliuotojo rankos ištiestos į šalis arba nuleistos: iš krūtinės ir nugaros pusės visų transporto priemonių ir pėsčiųjų eismas draudžiamas.,93.jpg
94,Ar į kelio sąvoką įeina šaligatvis?,Ne.,Taip.,,,2,1,"Kelias – eismui skirta ir naudojama žemės arba statinio paviršiaus juosta per visą jos plotį, įskaitant važiuojamąją kelio dalį (toliau – važiuojamoji dalis), sankryžas, šaligatvius, kelkraščius, pėsčiųjų ir dviračių takus, skiriamąsias kelio juostas.",94.jpg
95,"Ar privalo vairuotojas, sukdamas į kairę šioje situacijoje rodyti posūkio signalą?",Taip.,Ne.,,,1,1,"Vairuotojas privalo įspėti atitinkamos krypties posūkių šviesos signalais, o jeigu šviesos signalizacijos nėra arba ji sugedusi, – ranka: prieš pradėdamas važiuoti ir prieš sustodamas; prieš persirikiuodamas, prieš lenkdamas ir baigdamas lenkti, prieš apvažiuodamas kliūtį ir baigdamas ją apvažiuoti, prieš sukdamas į dešinę ar kairę, prieš apsisukdamas, išvažiuodamas iš sankryžos, kurioje eismas vyksta ratu.",95.jpg
96,Kuri transporto priemonė per sankryžą važiuos pirma?,1,2,3,4,3,3,"Nelygiareikšmių kelių sankryžoje šalutiniu keliu važiuojantis vairuotojas privalo duoti kelią transporto priemonėms, artėjančioms prie sankryžos pagrindiniu keliu. Jeigu sankryžoje keičiasi pagrindinio kelio kryptis, pagrindiniu keliu važiuojantys vairuotojai vieni kitų atžvilgiu turi laikytis važiavimo per lygiareikšmių kelių sankryžas taisyklių. Šių taisyklių vieni kitų atžvilgiu turi laikytis ir vairuotojai, važiuojantys šalutiniais keliais.

Automobiliai Nr 3 ir Nr 4 yra pagrindiniame kelyje. Nr 3 toliau važiuoja pagrindiniu keliu, o Nr 4 nori iš jo išvažiuoti, todėl pirmas per sankryžą važiuoja automobilis Nr 3, o Nr 4 jį praleidžia (kliūtis iš dešinės). Toliau važiuoja automobilis Nr 1, kadangi automobiliui Nr 2, jis yra kliūtis iš dešinės - Nr 2 važiuoja paskutinis.",96.jpg
97,Kaip pasielgsite sioje situacijoje?,"Sumažinsite greitį, iki 10 km/h, kad vaikai spėtų pasitraukti.",Panaudosite garso signalą.,"Sustosite ir įjungsite avarinį signalą ir toliau važiuosite tik tada, kai vaikai pasitrauks iš važiuojamosios dalies.",,3,1,"Garso signalo negalima naudoti, kad vaikai neišsigąstų ir nepatektų po kito automobilio ratais. Tokiu atveju reikėtų sustoti ir įjungti avarinį signalą (kiti vairuotojai jūsų lenkti negalės, nes kirsti ištisinę juostą draudžiama).",97.jpg
98,"Vairuotojui, kuris užsidegus geltonam šviesoforo signalui arba reguliuotojui pakėlus ranką aukštyn galėtų sustoti tik staigiai stabdydamas, leidžiama:",Sukti tik į dešinę.,Važiuoti toliau.,Staigiai stabdyti bet kokiu atveju.,,2,2,"Vairuotojui, kuris užsidegus geltonam (arba balto horizontalaus brūkšnio formos) šviesoforo signalui arba reguliuotojui pakėlus ranką aukštyn galėtų sustoti Taisyklių 165 punkte nurodytose vietose tik staigiai stabdydamas, leidžiama važiuoti toliau.",98.jpg
99,Kuria eismo juosta gali važiuoti mopedų vairuotojai?,Bet kuria laisva eismo juosta.,Tik pirmąja nuo važiuojamosios dalies dešiniojo krašto eismo juosta.,"Tiek pirmąja, tiek antrąja nuo važiuojamosios dalies dešiniojo krašto eismo juosta.",Mopedams eismo juostomis važiuoti draudžiama.,2,1,"Mopedų, lengvųjų keturračių vairuotojai privalo važiuoti tik pirmąja nuo važiuojamosios dalies dešiniojo krašto eismo juosta, kuo arčiau jos dešiniojo krašto, išskyrus tuos atvejus, kai jiems reikia sukti į kairę, apsisukti, apvažiuoti kliūtį, važiuoti tiesiai, kai iš pirmosios eismo juostos leidžiama sukti tik į dešinę, sustoti arba stovėti vienpusio eismo kelyje.",99.jpg
100,Ar leidžiama pėsčiajam kirsti kelią su skiriamąja juosta?,Taip.,Ne.,,,2,1,"Pėstiesiems draudžiama eiti per važiuojamąją dalį tose vietose, kur yra transporto ar pėsčiųjų atitvarai, o gyvenvietėse – ir ten, kur yra skiriamoji juosta (išskyrus pėsčiųjų perėjas ir sankryžas).",100.jpg
101,"Ar galite toliau važiuoti, jei sugedo transporto priemonės ir priekabos sukabinimo įtaisas?",Taip.,Ne.,,,2,1,"Motorine transporto priemone, traktoriumi, savaeige mašina važiuoti draudžiama, jeigu: neveikia pagrindinis stabdys (vairuotojas juo negali sustabdyti transporto priemonės); neveikia vairo mechanizmas (vairuotojas negali juo valdyti transporto priemonės); netvarkingas transporto priemonės ir priekabos sukabinimo įtaisas; lyjant, sningant arba esant rūkui vairuotojo pusėje neveikia stiklo valytuvas; tamsiuoju paros metu arba esant blogam matomumui nedega joks (artimųjų, rūko šviesų) priekinis kairysis žibintas, o sugedus bent vienai galinei gabaritinei šviesai neveikia (neįjungta) avarinė šviesos signalizacija arba transporto priemonės gale nėra pritvirtinto avarinio sustojimo ženklo.",101.jpg
102,"Ar privalo transporto priemonė, kuri naudojama darbui kelyje, įjungti oranžinius švyturėlius, jei ji netrukdo eismui?",Ne.,Taip.,,,1,1,"Transporto priemonės oranžinį švyturėlį būtina įjungti tada, kai trukdoma eismui (dėl transporto priemonės didesnių, negu leidžiama, matmenų su kroviniu ar be jo, dirbant kelyje, sustojus ir stovint, važiuojant lėtai, lydint organizuotą dviratininkų grupę, vežant pavojinguosius krovinius). Įjungtas oranžinis švyturėlis nesuteikia pirmenybės, tik atkreipia dėmesį ir įspėja kitus eismo dalyvius apie galimą pavojų. Transporto priemonių su įjungtais oranžiniais švyturėliais vairuotojai, važiuodami keliu, stovėdami ir (ar) atlikdami darbus, užtikrina, kad tai nekenkia eismo saugumui.

Sutartiniais pagrindais ir kelio savininko nurodytomis sąlygomis vykdant kelio infrastruktūros ar aplinkos tvarkymo ar priežiūros darbus, transporto priemonei su įjungtu oranžiniu švyturėliu, kuri būtina darbo funkcijoms toje vietoje atlikti, galima važiuoti veja, šaligatviu, pėsčiųjų ir (ar) dviračių taku, dviračių juosta, skiriamąja juosta, pylimų ar iškasų šlaitais, grioviais, taip pat sustoti ar stovėti minėtose vietose.",102.jpg
103,Šviesoforo arba reguliuotojo signalai draudžia važiuoti per pėsčiųjų perėją. Kur privalote sustoti?,Ne arčiau nei 3 metrai prieš perėją.,Ne arčiau nei 5 metrai prieš perėją.,"Prieš kelio ženklą ""Stop"" arba stop liniją, šviesoforą, o jeigu jų nėra - prieš reguliuojamą pėsčiujų perėją.",,3,1,"Jeigu šviesoforo arba reguliuotojo signalai draudžia važiuoti, vairuotojas privalo sustoti prieš kelio ženklą „Stop“ linija“ ir (ar) „Stop“ liniją, šviesoforą, o jeigu jų nėra, – prieš reguliuojamą pėsčiųjų perėją. Vairuotojams, kurie užsidegus geltonam (arba balto horizontalaus brūkšnio formos) šviesoforo signalui arba reguliuotojui pakėlus ranką aukštyn galėtų sustoti nurodytose vietose tik staigiai stabdydami, leidžiama važiuoti toliau.
",103.jpg
104,Ar netinkamai nustatyta ratų geometrija didina kuro sąnaudas?,Taip.,Ne.,,,1,2,"Netinkamai nustatyta ratų geometrija didina riedėjimo pasipriešinimą, todėl didėja kuro sąnaudos.",104.jpg
105,Kuris kelio ženklas reiškia transporto priemonių remonto dirbtuves?,1,2,3,4,4,1,"1. Nurodomasis kelio ženklas. Stotelė (Maršrutinio transporto sustojimo vieta)

2. Paslaugų kelio ženklas. Kaimo turizmo sodyba

3. Paslaugų kelio ženklas. Autobusų stotis (Vieta, skirta keleiviams, vykstantiems reguliariais reisais vietinio, tolimojo ir tarptautinio susisiekimo maršrutais, aptarnauti)

4. Paslaugų kelio ženklas. Dirbtuvės (Transporto priemonių remonto dirbtuvės)",105.jpg
106,Padanga pažymėta 195/55 R15. Ką nurodo skaičius 15?,Padangos plotį.,Padangos aukščio ir pločio santykį.,Ratlankio skersmenį.,Padangos leistinso apkroos indeksą.,3,2,"„R“ – reiškia, kad padanga yra radialinė; (praktikoje kartais naudojamos ir diagonalinės padangos. Radialinės padangos nuo diagonalinių skiriasi savo konstrukcija. Geresnės yra radialinės padangos. Šiuolaikiniuose automobiliuose naudojamos radialinės padangos. Diagonalinės padangos naudojamos lėtaeigėms transporto priemonėms (žemės ūkio mašinoms, specialiajam transportui). „195“ yra padangos plotis, „65“ yra padangos aukštis. 

„15“ – reiškia, kad padangos skersmuo yra 15 colių; (lengvųjų automobilių ratų skersmuo gali būti nuo 12 iki 17 colių, sunkesnių transporto priemonių ratų skersmuo siekia 25 ir daugiau colių). 

„M+S“ – reiškia, kad padangą galima eksploatuoti ir žiemą; 

„TUBELESS“ – reiškia, kad padanga yra bekamerinė (dėl savo konstrukcijos padanga glaudžiai priglunda prie ratlankio ir savo viduje išlaiko orą. Padangose su kamera viduje padangos papildomai įmontuojama kamera, kuri pripildoma oro ir padaro reikiamos formos padangą).",106.jpg
107,"Kodėl smarkiai lyjant asfaltuotame kelyje pavojinga greitai važiuoti?
",Suges stiklo valytuvai.,Pateks vandens ant variklio ir jis užges.,Gali susidaryti akvaplaningas (vandens pleištas) ir automobilis taps nevaldomas.,,3,2,"Smarkiai lyjant pavojinga važiuoti dideliu greičiu asfaltuotame kelyje, nes po automobilio ratais susidaro vandens pleištas (akvaplaningas), ir automobilis tampa sunkiai valdomas. Vandens pleištas – tai mažas vandens tarpelis tarp važiuojamosios dalies ir padangos. Jis susidaro dėl didelio greičio ir blogo padangų protektoriaus.",107.jpg
108,"Kaip privalo pasielgti vairuotojas, kurio pusėje yra kliūtis, jeigu su priešais atvažiuojančia transporto priemone yra sunku prasilenkti?",Privalo duoti kelią priešais atvažiuojančiai transporto priemonei.,"Padidinti greitį ir apvažiuoti kliūtį, nes turi pirmenybę.",,,1,1,"Jeigu su priešais važiuojančia transporto priemone prasilenkti sunku, kelią privalo duoti vairuotojas, kurio pusėje yra kliūtis.",108.jpg
109,Ar leidžiama pėstiesiems eiti važiuojamosios dalies pakraščiu?,"Leidžiama dviem eilėmis, einant prieš transporto priemonių judėjimo kryptį.","Leidžiama, jei nėra šaligatvio, pėsčiųjų tako, kelkraščio arba jais eiti negalima, viena eile prieš transporto priemonių važiavimo kryptį.",Draudžiama.,"Leidžiama, jei nėra šaligatvio, pėsčiųjų tako, kelkraščio arba jais eiti negalima, viena eile ta pačia kryptimi kaip ir transporto priemonių važiavimo kryptis.",2,2,"Pėstieji privalo judėti šaligatviais, pėsčiųjų takais arba pėsčiųjų ir dviračių takais (pėstiesiems skirta puse), o ten, kur jų nėra, – kelkraščiu. Jeigu šaligatvio, pėsčiųjų tako, pėsčiųjų ir dviračių tako, kelkraščio nėra arba jais judėti nėra galimybės, leidžiama judėti viena eile važiuojamosios dalies pakraščiu. Kelkraščiu arba važiuojamosios dalies pakraščiu judantys arba kelkraščiu riedučiais, riedlentėmis ar paspirtukais be variklio važiuojantys pėstieji turi judėti prieš transporto priemonių važiavimo kryptį.",109.jpg
110,"Kaip reikia pažymėti krovinį, jei jis išsikiša 0.2 m už transporto priemonės šonų?",Kvadratais su pakaitomis einančiomis šviesą atspindinčiomis įstrižomis baltomis ir raudonomis juostomis.,Ryškiaspalvėmis vėliavėlėmis.,Žymėti nereikia.,Kvadratais su pakaitomis einančiomis šviesą atspindinčiomis įstrižomis baltomis ir oranžinėmis juostomis.,1,2,"Jeigu krovinys priekyje arba gale išsikiša už transporto priemonės gabaritų daugiau kaip 1 m arba jo šoninis kraštas bent kiek išsikiša už transporto priemonės šoninio gabarito, jis turi būti pažymėtas, kaip nurodyta Taisyklių 4 priede.

Priekyje arba gale už transporto priemonės gabaritų daugiau kaip 1 m išsikišantys arba bent kiek į šoną išsikišantys tolimiausi krovinio arba platesnių kaip 2,6 m transporto priemonių kraštiniai taškai turi būti pažymėti skiriamaisiais ženklais – 400 mm ilgio kraštinės kvadratais su pakaitomis einančiomis šviesą atspindinčiomis įstrižomis baltomis ir raudonomis 50 mm pločio juostomis. Šie ženklai ant transporto priemonės turi būti pritvirtinti ne žemiau kaip 0,4 m ir ne aukščiau kaip 1,6 m nuo žemės paviršiaus. Tamsiuoju paros metu arba esant blogam matomumui nurodytose transporto priemonės vietose turi degti žibintai – balti iš priekio, oranžiniai – iš šonų ir raudoni – iš galo.",110.jpg
111,Kaip geriausiai stabdyti transporto priemonę slidžiame kelyje?,"Stabdyti pulsuojančiai, dažnais paspaudimais pagrindiniu stabdžiu neblokuojant ratų ir neišjungus sankabos ir pavaros.",Išjungti pavarą ir stabdyti stovėjimo (rankiniu) stabdžiu.,,,1,2,"Automobilis yra stabilesnis, kai važiuojama įjungus pavarą, nes tai leidžia efektyviau kontroliuoti variklio sukimo momentą. Kai variklis veikia, jis perduoda sukimo jėgą pavarų dėžėje, kuri pakeičia greitį ir sukimo momentą. Įjungus pavarą, variklis veikia prie pastovaus sukimo momento, o tai leidžia efektyviau kontroliuoti automobilio stabilumą ir sukimo jėgą. Be to, efektyviai naudojant pavaras, galima sumažinti slydimo pavojų, ypač esant sunkioms oro sąlygoms arba kai reikia greitai sustoti. Todėl rekomenduojama važiuoti su įjungta pavarų dėže ir tinkamai naudoti pavarų perjungimo mechanizmą, kad būtų užtikrintas saugus ir patikimas vairavimas.

Neišjungus sankabos ir pavaros automobilis yra stabilesnis, nes varomieji ratai gauna pasipriešinimą iš variklio ir taip prisideda prie automobilio stabdymo bei stabilumo.

Stabdant nutrūkstamais stabdžio pedalo paspaudimais automobilis nepraranda sukibimo su kelio danga ir išlieka stabilesnis, nei visiškai blokuojant ratus, kai automobilio ratai ima čiuožti ir automobilis tampa nevaldomas.",111.jpg
112,"Kuria važiuojamosios dalies puse gali važiuoti asmenys su riedučiais, riedlentėmis ar paspirtukais be variklio?",Važiuojamosios dalies pakraščiu transporto priemonių judėjimo kryptimi.,Važiuojamosios dalies pakraščiu prieš transporto judėjimo kryptį.,"Važiuoti draudžiama, išskyrus gyvenamosiose zonose.",,3,1,"Pėstiesiems draudžiama važiuoti riedučiais, riedlentėmis ar paspirtukais be variklio važiuojamąja dalimi, išskyrus gyvenamąją zoną.
",112.jpg
113,Eismą paveiksliuke reguliuoja šviesoforai. Pėsčiasis privalo:,Eiti toliau per kelią.,Stovėti saugumo salelėje iki kol sulauks leidžiamo šviesoforo signalo eiti toliau.,Apsisukti ir grįžti atgal.,,2,1,"Važiuojamojoje dalyje pėstieji neturi delsti ar stoviniuoti. Nespėjusieji pereiti važiuojamosios dalies turi stovėti saugumo salelėje arba ant paženklintos ar įsivaizduojamos linijos, skiriančios priešingų krypčių transporto srautus. Baigti eiti per važiuojamąją dalį galima tik įsitikinus, kad eiti saugu.",113.jpg
114,"Kada dviratininkas, važiuojantis per dviračių tako ir kelio susikirtimą, privalo duoti kelią kitoms transporto priemonėms?",Visais atvejais.,"Kelio duoti neprivalo, nes turi pirmenybę.",Ne sankryžoje esančiame nereguliuojamame dviračių tako ir kelio susikirtime.,Transporto priemonei artėjant iš dešinės.,3,2,"Dviračio vairuotojas, ketindamas kirsti važiuojamąją dalį ten, kur eismas nereguliuojamas arba nėra eismo pirmumą nustatančių kelio ženklų, privalo praleisti važiuojamąja dalimi važiuojančias transporto priemones, išskyrus tuos atvejus, kai kerta išvažiavimus iš šalia kelio esančių teritorijų, gyvenamosios zonos, kiemo, stovėjimo aikštelės, kai kerta važiuojamąją dalį, į kurią kiti vairuotojai suka.",114.jpg
115,Kokiu atstumu gyvenvietėje statomi pavaizduoti kelio ženklai iki jų galiojimo pradžios?,50 - 100 m.,100 - 150 m.,150 - 200 m.,150 - 300 m.,1,1,"Įspėjamaisiais kelio ženklais Nr. 101–137, 150, 151 žymimas pavojingas kelio ruožas prasideda už 50–100 m gyvenvietėje ir 150–300 m ne gyvenvietėje nuo įspėjamojo kelio ženklo įrengimo vietos. Jeigu nurodyti įspėjamieji kelio ženklai įrengiami kartu su papildoma lentele „Atstumas iki objekto“, pavojingas kelio ruožas prasideda už atstumo, nurodyto papildomoje lentelėje „Atstumas iki objekto“. Jeigu nurodyti įspėjamieji kelio ženklai įrengiami kartu su papildoma lentele „Galiojimo zona į priekį“, ši lentelė nurodo, kokio ilgio yra pavojingas kelio ruožas, kuris prasideda už 50–100 m gyvenvietėse ir 150–300 m ne gyvenvietėse nuo įspėjamojo kelio ženklo įrengimo vietos.",115.jpg
116,"Kokiu atstumu nuo autobusų stotelės draudžiama palikti stovėti motorinę transporto priemonę, jei ji trukdo maršrutiniam transportui?",10 m.,15 m.,20 m.,23 m.,1,1,"Sustoti ir stovėti draudžiama maršrutinio transporto sustojimo aikštelėse ir arčiau kaip 15 m atstumu nuo jų (kai aikštelės nėra, – arčiau kaip 15 m atstumu nuo kelio ženklo „Stotelė“), jeigu tai kliudytų maršrutinio transporto eismui; draudžiama stovėti kelio ženklo „Taksi stotelė“ galiojimo zonoje.",116.jpg
117,Ar leidžiama kirsti ištisinę kelio ženklinimo liniją šioje situacijoje?,Taip.,Ne.,,,1,1,"Jeigu kelio ženklo ir kelių ženklinimo reikalavimai skiriasi, reikia vadovautis kelio ženklu. Šiuo atveju, vadovaujantis kelio ženklu, reikia apvažiuoti kliūtį iš kairės, net jei tam prieštarauja siaura ištisinė balta linija.

Siaura ištisinė linija skiria priešingų krypčių transporto srautus ir draudžia paženklintame kelio ruože važiuoti priešpriešinio eismo juosta; žymi eismo juostų kraštus, važiuojamosios dalies ruožus, į kuriuos draudžiama įvažiuoti, transporto priemonių stovėjimo vietų ribas ir važiuojamosios dalies kraštą; esant kelio ženklui Nr. 413 „Pėsčiųjų ir dviračių takas“ skiria dviračių eismui skirtą tako dalį nuo pėsčiųjų eismui skirtos tako dalies. Šią liniją kirsti draudžiama, išskyrus tuos atvejus, kai ji žymi važiuojamosios dalies kraštą arba stovėjimo vietą.",117.jpg
118,Ar gyvenvietėje būtina vairuotojui prisisegti saugos diržą važiuojant atbulomis?,Taip.,Ne.,,,2,1,Gyvenvietėse vairuotojui leidžiama neužsisegti saugos diržo važiuojant atbulomis arba stovėjimo aikštelėse.,118.jpg
119,Kada sukant sumažėja išcentrinė jėga?,Padidinus važiavimo greitį.,Sumažinus važiavimo greitį.,Sumažinus posūkio spindulį.,,2,2,"Automobilį veikianti išcentrinė jėga yra didesnė esant staigiam posūkiui. Darant staigų posūkį išcentrinė jėga sumažės, jei tai atliksime lėtai.",119.jpg
120,"Jei greitis padidėja nuo 15 km/h iki 45 km/h, stabdymo kelias padidėja:",Tris kartus.,Šešis kartus.,Devynis kartus.,Dvyliką kartų.,3,2,"Kuo didesnis greitis, tuo ilgesnis stabdymo kelias (priklausomybė kvadratu): t.y. jei greitį padidinsite du kartus, stabdymo kelias padidės keturis kartus.",120.jpg
121,Kurio automobilio vairuotojas pažeidžia KET parodytoje situacijoje (geltonas ir juodas automobiliai važiuoja dvipusio eismo kelyje)?,Juodo automobilio vairuotojas.,Geltono automobilio vairuotojas.,Mėlyno automobilio vairuotojas.,,2,3,Sankryžose lenkti draudžiama.,121.jpg
122,"Krovininiu automobiliu, kurio leidžiama maksimali masė 3 t., leidžiama važiuoti:",Tik į kairę.,Visomis kryptimis.,Į kairę ir apsisukti,,3,1,"Krovininiai automobiliai iki 3,5 tonos priskiriami lengviesiems automobiliams (B kategorijai).",122.jpg
123,"Kokių veiksmų reikėtų imtis, jei dešinieji automobilio ratai, važiuojant asfaltu, nukrypsta į kelkraštį su žvyro danga?",Be stabdymo lėtai sukant vairo ratą kairėn automobilį nukreipti į važiuojamąją dalį.,Staigiai stabdant automobilį vairo pagalba nukreipti į važiuojamąją dalį.,Sustoti ir vėl pradėti važiuoti.,,1,2,"Minėtu atveju saugiai galima nukreipti automobilį į važiuojamąją dalį be stabdymo lėtai sukant vairo ratą kairėn. Jeigu būtų bandoma nukreipti automobilį į važiuojamąją dalį be stabdymo staigiai sukant vairo ratą kairėn, padidėjusi išcentrinė jėga gali sukelti automobilio slydimą arba virtimą. Staigiai stabdant minėtoje situacijoje automobilis gali nukrypti nuo važiavimo trajektorijos, kadangi stabdymo metu automobilio dešinės pusės ratų sukibimo su kelkraščiu jėga būtų žymiai mažesnė negu kairės pusės ratų sukibimo su asfaltu jėga.",123.jpg
124,Ar leidžiama sustoti kelkraštyje šioje vietoje?,Leidžiama.,Draudžiama.,,,1,2,Draudžiantis sustoti ir stovėti ženklas galioja tik iki gyvenvietės pabaigos. Todėl šioje situacijoje automobiliui taip stovėti leidžiama.,124.jpg
125,Kurio automobilio vairuotojas turi pirmumo teisę važiuoti? Mėlyno automobilio vairuotojas sankryžoje apsisuka.,Geltono automobilio vairuotojas.,Mėlyno automobilio vairuotojas.,,,1,3,"Mėlyno ir geltono automobilių vairuotojams šiuo atveju yra vienodos sąlygos važiuoti, kadangi važiuoja lygiareikšmių kelių sankryžoje. Mėlynas automobilis sankryžoje apsisuka, tad automobilio vairuotojui prieš baigiant apsisukti, atsiranda kliūtis iš dešinės - geltonas automobilis, todėl mėlynas automobilis turi duoti kelią geltonam automobiliui.",125.jpg
126,"Kam leidžiama sustoti už šių kelio ženklų nurodytoje situacijoje (juosta pažymėta ""A"" ženklu)?",Dviračiams ir mopedams.,Motociklams be priekabos.,Maršrutiniam transportui.,,3,1,"Maršrutiniui transportui leidžiama sustoti, bet ne stovėti. Kitoms transporto priemonėms už ženklų sustoti neleidžiama, nes joms draudžiama įvažiuoti į maršrutinio transporto eismo juostą, pažymėtą A raide, nebent jos ruoštųsi sukti į dešinę.",126.jpg
127,Kuriomis kryptimis leidžiama važiuoti lengvajam automobiliui parodytoje situacijoje?,Tiesiai.,Į kairę.,Toliau važiuoti draudžiama.,,1,2,"Ženklas su papildoma lentele rodo, kad į kairę esančioje gatvėje motorinių transporto priemonių eismas draudžiamas. Todėl su lengvuoju automobiliu galima važiuoti tiesiai.",127.jpg
128,Ar leidžiama velkamame lengvajame automobilyje vežti žmones?,Ne.,Taip.,,,1,1,"Velkamame lengvajame automobilyje vežti žmones draudžiama. Vilkti galima tik transporto priemonę be keleivių (išskyrus vairuotoją, jei to reikia transporto priemonei valdyti).",128.jpg
129,Kelio ženklas nurodo:,Draudžiama važiuoti lengvaisiais automobiliais.,Greitkelio pabaigą.,,,2,1,"KET 1 pr. 556 Kelio ženklas „Automobilių kelio pabaiga"". Kelio, kuriame galioja greitkeliuose nustatyta eismo tvarka, pabaiga.",129.jpg
130,Ar leidžiama dienos metu važiuoti apšviestu tuneliu su įjungtomis tik specialiai dienos metui skirtomis šviesomis?,Leidžiama.,Draudžiama.,,,2,1,"Važiavimas tuneliu, nors jis ir apšviestas, prilyginamas važiavimui bloguoju matomumu. Todėl tunelyje reikia įsijungti artimuosius žibintus, specialiai dienos metui skirtų žibintų neužtenka. Dienos metui skirti žibintai (pvz. šiuolaikiniuose automobiliuose esantys LED) ir artimieji žibintai nėra tas pats.",130.jpg
131,"Ar kelio horizontalusis ženklinimas, leidžiantis iš kairės kraštinės juostos sukti į kairę pusę, leidžia ir apsisukti?","Taip, leidžia.","Ne, neleidžia.","Taip, leidžia tik darbo dienomis.",Kelių eismo taisyklėse tai nėra apibrėžta.,1,1,"Horizontalusis ženklinimas:
1.16. Rodyklės nurodo leistinas važiavimo kryptis juostoje. Aklakelio ženklas įspėja, kad draudžiama sukti į artimiausią važiuojamąją dalį. Ženklinimas, leidžiantis iš kairės kraštinės juostos sukti į kairę, leidžia ir apsisukti.",131.jpg
132,Ką reiškia šis kelio ženklas?,Riboto greičio zona.,Mažos taršos zona.,Stovėjimo zona.,,2,1,"Kelio ženklas 561 - ""Mažos taršos zona"". Savivaldybės tarybos nustatyta miesto teritorija, kurios visuose keliuose už kelio ženklo ribojamas arba visiškai draudžiamas motorinių transporto priemonių, traktorių ir savaeigių mašinų, išskyrus netaršias transporto priemones, eismas.",132.jpg
133,Ką draudžia nurodytas kelio ženklas?,Važiuoti mažesniu greičiu negu nurodyta.,Važiuoti didesniu greičiu negu nurodyta.,"Važiuoti didesniu greičiu negu nurodyta, išskyrus maršrutinį transportą.",,1,1,"KET 1 pr. 329. Kelio ženklas „Ribotas greitis“. Draudžiama važiuoti greičiau (km/h), negu nurodyta ženkle. ",133.jpg
134,Šis kelio ženklas nurodo:,"Važiavimo kryptį keliuose, kur vykdomi kelio darbai.",Juostų skaičių ir važiavimo kryptis kiekviena juosta.,,,1,1,Šiame ženkle nupieštų rodyklių skaičius nepriklauso nuo eismo juostų skaičiaus.,134.jpg
135,Kokia eilės tvarka automobiliai važiuos per sankryžą?,"Raudonas, žalias, mėlynas.","Žalias, mėlynas, raudonas.","Žalias, raudonas, mėlynas.","Mėlynas, raudonas, žalias.",3,3,"Lygiareikšmių kelių sankryžoje pirmas važiuos žalias automobilis, nes jis neturi kliūties iš dešinės . Jam pravažiavus raudonas automobilis nebeturi kliūties iš dešinės, todėl važiuoja antras. Paskutinis per sankryžą važiuoja mėlynas automobilis,  nes jis turėjo kliūtį dešinėje - raudoną automobilį.",135.jpg
136,"Kuris automobilis teisingai sustojo dvipusio eismo kelyje, laukdamas žalio šviesoforo signalo?",Žalias automobilis.,Raudonas automobilis.,Abu automobiliai sustojo neteisingai.,,3,2,"Žalias automobilis nesustojo prieš „Stop“ liniją, baltas automobilis suka ne iš tos eismo juostos (važiuoja prieš eismą).",136.jpg
137,Ar leidžiama važiuoti tiesiai (po ženklu yra lentelė „250 m“)?,Taip.,Ne.,,,1,2,"Šie kelio ženklai nurodo, kad už 250 m įvažiuoti draudžiama, tačiau dar 250 m leidžiama važiuoti.",137.jpg
138,Kurioje vietoje privalote sustoti?,Prieš ženklą (C vietoje).,Prie sankryžos ribos (B vietoje).,Prieš kertamos važiuojamosios dalies kraštą (A vietoje).,,1,1,"KET 1pr.204. Kelio ženklas „Stop“. Draudžiama važiuoti nesustojus prieš „Stop“ liniją, o jeigu jos nėra, – prieš kelio ženklą.",138.jpg
139,Kas yra žymima šiuo skiriamuoju ženklu?,"Mokyklinis automobilis, kuriuo vežami vaikai.","Motorinė transporto priemonė ir jos junginiai, kuria yra mokoma vairuoti.",Automobilis su dygliuotomis padangomis.,Kurčiųjų vairuojamas automobilis.,2,1,"Skiriamasis ženklas: 10. Motorinių transporto priemonių ir jų junginių su priekabomis, kuriomis mokoma vairuoti, priekis ir galas turi būti pažymėti baltu lygiakraščio trikampio formos skiriamuoju ženklu su raudonu apvadu ir juoda raide „M“ viduryje. Trikampio kraštinės ilgis – 200–300 mm, apvado plotis – 1/10 kraštinės ilgio.",139.jpg
140,"Kokia eilės tvarka automobiliai važiuos per sankryžą, policijos automobilyje įjungti švyturėliai ir garso signalas?","Policijos automobilis, motociklas, geltonas automobilis.","Policijos automobilis, geltonas automobilis, motociklas.","Geltonas automobilis, policijos automobilis, motociklas.","Motociklas, geltonas automobilis, policijos automobilis.",2,3,"KET 154. Nelygiareikšmių kelių sankryžoje šalutiniu keliu važiuojantis vairuotojas privalo duoti kelią transporto priemonėms, artėjančioms prie sankryžos pagrindiniu keliu.
KET 12. Eismo dalyviai privalo nedelsdami duoti kelią artėjančioms specialiosioms transporto priemonėms su įjungtais mėlynais ir raudonais (arba tik mėlynais) švyturėliais ir specialiaisiais garso signalais ir jų lydimoms transporto priemonėms. Artėjančioms specialiosioms transporto priemonėms su įjungtais mėlynais ir raudonais (arba tik mėlynais) švyturėliais ir specialiaisiais garso signalais ir jų lydimoms transporto priemonėms kelias duodamas ir avarinis koridorius sudaromas tokia tvarka:
12.1. kelyje, kuriame viena kryptimi yra viena eismo juosta, transporto priemonių vairuotojai privalo sustoti dešiniajame kelkraštyje, kai jo nėra, – prie dešiniojo važiuojamosios dalies krašto;
12.2. kelyje, kuriame viena kryptimi yra dvi ar daugiau eismo juostų, kraštinėje kairėje eismo juostoje ta pačia kryptimi judančių transporto priemonių vairuotojai privalo pasitraukti kuo kairiau prie pat važiuojamosios dalies, skirtos važiuoti ta kryptimi, atitinkamo krašto ir sustoti, o kitose eismo juostose, kurios yra dešiniau nuo kraštinės kairės eismo juostos, ta pačia kryptimi judančių transporto priemonių vairuotojai privalo pasitraukti kuo dešiniau, dešiniojo važiuojamosios dalies krašto arba kelkraščio link ir sustoti;
12.3. kelyje su skiriamąja kelio juosta (toliau – skiriamoji juosta) Taisyklių 12.1 ir 12.2 papunkčiuose nurodytus reikalavimus privalo vykdyti tik ta pačia kryptimi judančių transporto priemonių vairuotojai.",140.jpg
141,Ar turite važiavimo pirmumą?,Taip.,Ne.,,,1,1,"KET 1 pr. 206. „Pirmenybė priešpriešinio eismo atžvilgiu"". Siauras kelio ruožas, kuriuo važiuodamas vairuotojas turi pirmenybę prieš artėjantį priešpriešinį transportą.",141.jpg
142,Šioje situacijoje 10 valandą ryto jūs raudonu automobiliu galite:,Sukti į dešinę.,Apsisukti.,Važiuoti tiesiai.,Važiuoti tiesiai ir į kairę.,3,2,"Sukti į kairę ar apsisukti vairuotojui neleidžiama, nes  10 val. galioja ženklas, neleidžiantis sukti. Sukti į dešinę taip pat neleidžiama, nes yra antroje važiuojamosios dalies juostoje. Norint sukti į dešinę, būtina persirikiuoti į pirmąją juostą. Belieka važiuoti tiesiai.",142.jpg
143,Ženklas nurodo:,Pėsčiųjų perėją.,"Draudžia eiti pėstiesiems ta kelio puse, kurioje pastatytas ženklas.",Galimas tik pėsčiųjų eismas.,,2,1,"KET - 1 pr. 310 „Pėsčiųjų eismas draudžiamas“. Draudžiama eiti pėstiesiems ta kelio puse, kurioje pastatytas ženklas.",143.jpg
144,Kuris automobilis važiuos per sankryžą trečias?,Žalias automobilis.,Mėlynas automoblis.,Vyšninis automobilis.,Raudonas automobilis.,2,3,"Pirmas važiuos vyšninis automobilis, nes jis yra pagrindiniame kelyje. Antras važiuos žalias automobilis, sustos sankryžos viduryje ir važiuos tik praleidęs vyšninį automobilį. Tuomet trečias važiuos mėlynas (praleidęs vyšninį) ir galiausiai raudonas, nes sukdamas į kairę, šis turi priešinga kryptimi tiesiai arba į dešinę važiuojančias transporto priemones (mėlyną automobilį).",144.jpg
145,Ar dviračio vairuotojui leidžiama važiuoti per sankryžą tiesiai?,Draudžiama.,"Leidžiama, praleidus lengvąjį automobilį.",,,2,2,"Dviračio vairuotojas privalo duoti kelią, nes jam šviečia raudonas šviesoforo signalas. Žalia rodyklė papildomoje šviesoforo sekcijoje leidžia važiuoti tik tuomet, kai nėra kliūčių. Kai nėra kelkraščio, dviračio vairuotojui leidžiama važiuoti važiuojamosios dalies kraštine dešine eismo juosta, kuo arčiau jos dešiniojo krašto.",145.jpg
146,"Kuris kelio ženklas nusako reikšmę ,,Transporto priemonių keltas, uostas arba prieplauka"":",1,2,3,,1,1,"Kelio ženklas 732. „Transporto priemonių keltas, uostas arba prieplauka”. Plaukiantis tiltas ar laivas, skirtas kelti transporto priemones per jūrą, ežerą, upę ar kitą vandens telkinį kelti. Šiuo ženklu gali būti pažymėtas uostas arba prieplauka.",146.jpg
147,"Kokiu atveju leidžiama pravažiuoti šį kelio ženklą, jei jūsų automobilis aukštesnis, nei nurodyta ženkle?",Jei važiuojate saugiu greičiu.,Leidžiama tik gavus specialų leidimą.,Jokiais atvejais negalima.,,3,1,"Gavus specialų leidimą transporto priemonė nesumažėja, taip pat nepaaukštėja kliūtis. Saugus greitis taip pat neleis pravažiuoti kliūties. Todėl, jei Jūsų automobilis aukštesnis už nurodytą aukštį ženkle, važiuoti neleidžiama.",147.jpg
148,Kokia šios sankryžos pravažiavimo tvarka?,"1, 2, 3.","3, 2, 1.","2, 1, 3.","1, 3, 2.",1,3,"Pirmasis per sankryžą važiuoja automobilis Nr. 1, nes jis važiuoja pagrindiniu keliu, jo važiavimo trajektorija pagrindiniame kelyje. Antrasis važiuoja automobilis Nr. 2, nes jis taip pat išvažiuoja iš pagrindinio kelio. Transporto priemonė Nr. 3 privalo praleisti abu automobilius, nes jai galioja kelio ženklas ""Duoti kelią"", ji yra šalutiniame kelyje, vairuotojas privalo duoti kelią transporto priemonėms, važiuojančioms kertamuoju ar prisijungiančiuoju keliu, o esant papildomai lentelei Nr. 843 „Pagrindinio kelio kryptis“, – važiuojančioms pagrindiniu keliu.",148.jpg
149,Už nurodyto kelio ženklo:,Leidžiama važiuoti ne didesniu nei 70 km/h greičiu.,Leidžiama važiuoti ne mažesniu nei 70 km/h greičiu.,Baigėsi minimalaus greičio apribojimas.,,3,1,KET 1pr. 415. Kelio ženklas „Minimalaus greičio apribojimo pabaiga”.,149.jpg
150,Kuris kelio ženklas draudžia transporto priemonei stovėti tik darbo dienomis?,Nr. 1 ir Nr. 5,Nr. 2,Nr. 3,Nr. 4,4,1,"1. Kelio ženklas 333 - Stovėti draudžiama.
2. Kelio ženklas 334 - Stovėti draudžiama nelyginėmis dienomis.
3. Kelio ženklas 335 - Stovėti draudžiama lyginėmis dienomis.
4. Kelio ženklas 333 - Stovėti draudžiama ir Kelio ženklas 823 - Darbo dienos.
5. Kelio ženklas 333 - Stovėti draudžiama ir Kelio ženklas 822 - Ne darbo dienos.",150.jpg
151,Draudžiama lenkti:,Tik lengviems automobiliams.,"Visoms transporto priemonėms visas transporto priemones, išskyrus pavienes, važiuojančias mažesniu kaip 30 km/h greičiu.","Tik lengvuosius ir krovininius automobilius, kurių leidžiama maksimali masė mažesnė kaip 3,5 tonos.",,2,1,"KET 1 pr. 325 „Lenkti draudžiama”. Draudžiama lenkti važiuojančias transporto priemones, išskyrus pavienes (pavienius transporto priemonių junginius), važiuojančias mažesniu kaip 30 km/h greičiu.",151.jpg
152,"Ar galima pasukti į kelią dešinėje pusėje, pamačius tokį kelio ženklą?",Taip.,Ne.,,,1,1,"Šis ženklas parodo važiavimo pagrindiniu keliu kryptį riboto matomumo vietoje, tačiau nedraudžia sukti į priešingą pusę, jei ten yra kelias.",152.jpg
153,Kokioms transporto priemonėms leidžiama stovėti šiuo kelio ženklu pažymėtoje stovėjimo vietoje?,"Transporto priemonėms pažymėtoms skiriamuoju ženklu „Asmuo su negalia"".",Tik transporto priemonėms su specialiais leidimais.,Aptarnaujančiam transportui.,Maršrutiniam transportui.,2,1,"KET 1 pr. 531. „Rezervuota stovėjimo vieta”. Stovėjimo vieta, kurioje transporto priemonėms leidžiama stovėti tik su specialiais leidimais. Ne elektroniniai leidimai tvirtinami už priekinio stiklo",153.jpg
154,"Ar leidžiama šioje situacijoje sukti į kairę, jeigu vairuojate lengvąjį automobilį su priekaba?",Taip.,Ne.,,,2,1,"KET 1 pr. 307 Važiuoti su priekabomis draudžiama (Draudžiama važiuoti automobiliais, traktoriais ir savaeigėmis mašinomis su priekabomis)",154.jpg
155,Lengvojo automobilio vairuotojas važiuoja atbulas. Kas šioje situacijoje turi pirmenybę?,Pėsčiasis.,Lengvojo automobilio vairuotojas.,,,1,1,"Šioje situacijoje nesvarbu, kad žmogus eina ne per perėją ir taip pažeidžia taisykles. Važiuodamas atbulas, automobilio vairuotojas turi duoti kelią visiems kitiems eismo dalyviams, net ir pažeidžiantiems taisykles.",155.jpg
156,Ką nurodo šie kelio ženklai?,"Šalutiniu keliu artėjate prie sankryžos, už kurios baigsis vienpusis eismas.","Šalutiniu keliu artėjate prie sankryžos, už kurios prasidės vienpusis eismas.",,,1,1,"KET punktas:
KET 1 pr. 203. „Duoti kelią"". Vairuotojas privalo duoti kelią transporto priemonėms, važiuojančioms kertamu keliu.
KET 1 pr. 504. „Vienpusio eismo pabaiga"".",156.jpg
157,Kuri transporto priemonė pažeidžia taisykles?,Pirmo automobilio vairuotojas.,Antro automobilio vairuotojas.,Abu automobiliai stovi teisingai.,Abu automobiliai stovi neteisingai.,2,2,"Sustojus ar stovint prie ištisinės linijos turi likti ne mažiau kaip 3 m iki jos. 2 automobilis palikęs tik 2,5 m, todėl pažeidžia taisykles. 1 automobilis palikęs 2 m iki važiuojamosios dalies krašto, todėl taisyklių nepažeidžia.",157.jpg
158,Kokia trajektorija važiuoja priekaba autobusui sukant posūkyje?,Pasislenka į posūkio išorę.,Važiuoja ta pačia trajektorija kaip ir autobusas.,Pasislenka į posūkio centrą.,Pasislenka į posūkio centrą važiuojant tik dideliu greičiu.,3,2,"Priekabos ratai, atliekant posūkį, visada rieda mažesniu spinduliu negu autobuso ratai. Tuo galima įsitikinti pagal autobuso ir priekabos ratų paliktus riedėjimo pėdsakus, atliekant posūkį ant važiuojamosios dalies, kai ji padengta sniegu arba yra šlapia.",158.jpg
159,Kaip turėtumėte pasielgti šioje situacijoje?,Sumažinti greitį ir leisti autobuso vairuotojui užbaigti manevrą.,Autobuso vairuotojui draudžiama įvažiuoti į priešpriešinio eismo juostą.,Apvažiuoti autobusą važiuojant šaligatviu.,,1,1,"KET 107. Kai dėl savo gabaritų ar kitų priežasčių transporto priemonė negali pasukti (apsisukti) iš kraštinės padėties, sukti leidžiama ir ne nuo važiuojamosios dalies, skirtos važiuoti ta kryptimi, atitinkamo krašto, jeigu tai nesukliudys kitoms transporto priemonėms ir nesukels pavojaus kitiems eismo dalyviams.
KET 125. Draudžiama transporto priemonėms (išskyrus dviračius, elektrines mikrojudumo priemones) apvažiuoti ta pačia kryptimi važiuojančias transporto priemones iš dešinės (išskyrus leistiną sukančių į kairę, apsisukančių transporto priemonių apvažiavimą iš dešinės) važiuojant kelkraščiu, lėtėjimo ar greitėjimo juosta. Ta pačia kryptimi lėčiau važiuojančias transporto priemones rekomenduojama apvažiuoti iš kairės.",159.jpg
160,Kuris kelio ženklas draudžia sukti į kairę (jei vairuojate nemaršrutinį transportą)?,Nr. 1.,Nr. 2.,Nr. 3.,Nr. 4.,2,1,"KET 1 pr. 527 Kelio ženklas „Apsisukimo vieta"". Apsisukimo ne sankryžoje vieta.
KET 1 pr. 404 Kelio ženklas „Važiuoti tiesiai arba į dešinę"". Leidžiama važiuoti tik rodyklių kryptimis. Ženklas galioja toje važiuojamųjų dalių sankirtoje, prieš kurią jis pastatytas. Šio ženklo reikalavimai netaikomi maršrutiniam transportui.
KET 1 pr. 324 Kelio ženklas „Apsisukti draudžiama"". Negalioja maršrutiniam transportui ir nedraudžia sukti į kairę.
KET 1 pr. 146 Kelio ženklas „Posūkio kryptis į dešinę"". Važiavimo kryptis ribotai matomo, mažo spindulio kelio vingyje, kelio susiaurėjimo arba kelio remonto, statybos darbų vietoje.",160.jpg
161,Ką nurodo šis kelio ženklas?,Papildomą eismo juostą arba lėtėjimo juostos pradžią.,Eismo kryptis sankryžoje.,Dviejų eismo juostų kelią.,,1,1,"KET 1 pr. 513. Kelio ženklas „Eismo juostos pradžia iš dešinės"". Papildoma eismo juosta arba lėtėjimo juostos pradžia. Iš kelio išsukančios transporto priemonės turi persirikiuoti į lėtėjimo juostą, į kalną važiuojančios transporto priemonės, kurios negali važiuoti greičiau už važiuojančias paskui jas, turi persirikiuoti į papildomą eismo juostą",161.jpg
162,Gyvenvietėje vairuotojas nepažeis šio ženklo reikalavimo važiuodamas:,Iki artimiausios sankryžos 50 km/h greičiu.,Už artimiausios sankryžos 50 km/h greičiu.,Iki artimiausios sankryžos ir už jos ne didesniu kaip 40 km/h greičiu.,,3,1,"Nes šis kelio ženklas galioja ne iki pirmos sankryžos, o visoje teritorijoje už šio kelio ženklo tol, kol nebus draudimą panaikinančių kelio ženklų.",162.jpg
163,Kaip vadinasi nurodytas kelio ženklas?,Sankryža su pagrindiniu keliu.,Duoti kelią.,Sankryža su šalutiniu keliu.,,2,1,"KET 1 pr. 203. Duoti kelią (Vairuotojas privalo duoti kelią transporto priemonėms, važiuojančioms kertamuoju ar prisijungiančiuoju keliu, o esant papildomai lentelei Nr. 843 „Pagrindinio kelio kryptis“, – važiuojančioms pagrindiniu keliu).",163.jpg
164,"Kuris automobilis sankryžą pravažiuos pirmas (prie žalio automobilio stovinčio šviesoforo yra papildoma lentelė su žalia rodykle į dešinę (nešviečianti), šviečia raudonas šviesoforo signalas)?",Žalias automobilis.,Mėlynas automobilis.,,,2,2,"Paaiškinimas:
Važiavimo pirmumą turi mėlyno automobilio vairuotojas, nes jis važiuoja pagal leidžiamą šviesoforo papildomos sekcijos signalą. O žalio automobilio vairuotojas turi duoti kelią mėlynam automobiliui, nes važiuoja pagal papildomą lentelę su žalia rodykle ir neturi pirmumo.",164.jpg
165,"Priešais jus važiuojanti transporto priemonė rodo dešinįjį posūkio signalą artėdama prie susikirtimo su šalutiniu keliu, tačiau nesuka. Kaip elgsitės?",Pradėsite lenkti.,Apvažiuosite iš kairės.,Apvažiuosite iš dešinės.,Pristabdysite ir toliau važiuosite paskui automobilį.,4,1,"KET 4 p. Eismo dalyvių elgesys grindžiamas savitarpio pagarba ir atsargumu.
KET 9 p. Eismo dalyviai privalo laikytis visų būtinų atsargumo priemonių, nekelti pavojaus kitų eismo dalyvių, kitų asmenų ar jų turto saugumui ir aplinkai, nesudaryti kliūčių jų eismui, taip pat siekdami išvengti nuostolingų padarinių arba juos sumažinti privalo imtis visų būtinų priemonių, išskyrus tuos atvejus, kai dėl to kiltų pavojus jų pačių, kitų žmonių gyvybei ar sveikatai arba tokios priemonės padarytų dar daugiau žalos palyginti su ta, kurios būtų galima išvengti.",165.jpg
166,Važiuodami automobiliu dvejais ratais užvažiavote ant kelkraščio. Ko reikia imtis?,Nestabdant staigiai sukti vairą ir grįžti į važiuojamąją dalį.,"Švelniai mažinti greitį ir lėtai sukti vairą, grąžinant automobilį į važiuojamąją dalį.",Sustoti ir vėl pradėti važiuoti.,,2,1,"Tokiu atveju automobilį atgal į važiuojamąją dalį reikia grąžinti ramiai, nestabdant ir lėtai sukant vairą. Staigus vairo pasukimas gali būti pavojingas, nes dėl padidėjusios šoninės jėgos automobilis gali pradėti slysti ar net apvirsti. Taip pat nereikėtų staigiai stabdyti, nes ratai esantys ant žvyro, su keliu sukimba silpniau negu ratai važiuojantys asfaltu. Dėl šio sukibimo skirtumo automobilis gali tapti nestabilus ir nukrypti nuo važiavimo krypties.",166.jpg
167,"Kaip elgsitės, jeigu kelio ženklai prieštarauja kelių horizontaliojo ženklinimo linijoms?",Vadovausiuos kelio ženklais.,Vadovausiuos kelių horizontaliojo ženklinimo linijomis.,,,2,2,"KET 8. Eismą keliuose Lietuvos Respublikoje gali apriboti tik kelio ženklai, nurodyti Taisyklių 1 priede, prie kelio ženklų priskirtini kintamos informacijos kelio ženklai, kurių pavyzdžiai nurodyti Taisyklių 2 priede, kelių ženklinimas, nurodytas Taisyklių 3 priede, šviesoforai ir reguliuotojo signalai, nurodyti Taisyklėse ir kituose Lietuvos Respublikoje galiojančiuose teisės aktuose, susijusiuose su eismo reguliavimu. Jeigu kelio ženklo ir kelio ženklinimo reikalavimai skiriasi, reikia vadovautis kelio ženklu. Kai kelyje įrengti kintamos informacijos kelio ženklai, vadovaujamasi kintamos informacijos kelio ženklais. Reguliuotojo nurodymai turi pirmenybę šviesoforo signalų, kelio ženklų ir kelio ženklinimo, taip pat Taisyklių reikalavimų atžvilgiu. Eismo dalyviai privalo vadovautis jiems skirtais kelio ženklais.",167.jpg
168,"Jūs važiuojate didžiausiu leistinu greičiu. Iš paskos greitai artėja transporto priemonė, kurios vairuotojas signalizuoja perjunginėdamas žibintų šviesas, kaip jūs elgsitės?",Važiuosite tuo pačiu greičiu ir neleisite lenkti.,"Spustelėsite stabdžių paminą, kad įsijungtų stabdžių signalas.","Padidinsite greitį, kad atstumas tarp automobilių būtų didesnis.",Netrukdysite artėjančiai transporto priemonei lenkti.,4,2,"Nesvarbu, kad kitas automobilis lenkdamas viršys greitį lenkdamas ir taip pažeis taisykles. Jūs turite nesukelti pavojaus ir praleisti lenkiantį automobilį.",168.jpg
169,"Kokie bus jūsų veiksmai šioje situacijoje? Priešais važiuojantis automobilis yra saugiu atstumu, suka į lėtėjimo juostą ir jau yra ant tos juostos linijos. Jūs važiuojate 70 km/val. greičiu. Leistinas greitis 70 km/val.",Stabdysite.,Padidinsite greitį.,Atleisite akceleratoriaus pedalą.,Nekeisite greičio.,4,2,"Jei priešais važiuojantis automobilis yra saugiu atstumu ir jau yra ant lėtėjimo juostos linijos, jūsų veiksmai turėtų būti šie:
Toliau stebėkite situaciją: Patikrinkite, ar priešais esantis automobilis tikrai įvažiuoja į lėtėjimo juostą ir tęsia savo manevrą saugiai.
Laikykite savo greitį: Kadangi važiuojate leistinu 70 km/val. greičiu, o priešais esantis automobilis jau palieka pagrindinę eismo juostą, nėra būtinybės keisti savo greičio.",169.jpg
170,"Kaip elgsitės, jei per kelią einantys pėstieji nekreipia dėmesio į tai kas vyksta aplinkui?",Stabdysite.,Atleisite greičio pedalą.,Važiuosite nekeisdamas greičio.,,1,1,"Sąvokų paaiškinimai:
Stabdyti, tai kai spaudi stabdį, mašina greitai lėtėja ir sustoja iki numatomos kliūties.
Atleisti greičio pedalą, tai nuimi koją nuo gazo, mašina pamažu pati sulėtėja, bet nesustoja iki numatomos kliūties, o vis tiek juda.
Važiuoti nekeisdamas greičio – spaudi gazą tiek pat, mašina rieda tuo pačiu greičiu.",170.jpg
171,"Vairuojate lengvąjį automobilį su priekaba, ką privalote įvertinti važiuodami nuokalne?",Priekaba padės greičiau sustabdyti automobilį.,Stabdymo kelias sutrumpės.,Stabdymo kelias pailgės.,Stabdymo kelias nesikeis.,3,1,"Stabdymo kelias pailgėja, kadangi priekabos svoris stumia automobilį į priekį, nes važiuojam nuo kalno. Važiuodami į įkalnę, stabdymo kelias sutrumpės, nes priekabos svoris trauks automobilį atgal.",171.jpg
172,"Kaip elgsitės, jei prie kelio yra pagyvenusių žmonių ar kitų pažeidžiamų eismo dalyvių?","Įvertindami pavojų reaguosite - stabdysite, ar sklandžiai pasitrauksite į kitą kelio dalį.",Mirksėsite šviesomis.,Važiuosite nekeisdamas greičio.,,1,1,"KET 9. Eismo dalyviai privalo laikytis visų būtinų atsargumo priemonių, nekelti pavojaus kitų eismo dalyvių, kitų asmenų ar jų turto saugumui ir aplinkai, nesudaryti kliūčių jų eismui, taip pat siekdami išvengti nuostolingų padarinių arba juos sumažinti privalo imtis visų būtinų priemonių, išskyrus tuos atvejus, kai dėl to kiltų pavojus jų pačių, kitų žmonių gyvybei ar sveikatai arba tokios priemonės padarytų dar daugiau žalos palyginti su ta, kurios būtų galima išvengti.
KET 128. Jeigu atsirado kliūtis ar iškilo grėsmė eismo saugumui, vairuotojas (jeigu jis gali tai pastebėti) privalo sulėtinti greitį, net visiškai sustabdyti transporto priemonę arba apvažiuoti kliūtį nesukeldamas pavojaus kitiems eismo dalyviams.",172.jpg
173,"Palikti dyzelinį automobilį su įjungta pavara stovėti nuokalnėje pavojinga, nes:",Gali būti sugadintas pavarų perjungimo mechanizmas.,Gali savaime užsivesti senos modifikacijos automobilio variklis.,Nepavojinga.,,2,3,Senos modifikacijos dyzeliniai varikliai riedant nuo kalno su įjungta pavara gali savaime užsivesti.,173.jpg
174,Kokius veiksmus reikia atlikti norint pastatyti automobilį ant šlaito su automatine pavarų dėže?,Įjungti stovėjimo stabdį ir tuomet perjungti svirtį į P poziciją.,Perjungti svirtį į P poziciją ir įjungti stovėjimo stabdį.,Stovėjimo stabdį įjungti nebūtina.,,1,3,"Kai automobilių stovėjimo vieta yra ant šlaito, siekiant išvengti automobilio riedėjimo, reikia įjungti stovėjimo stabdį ir tik tada nustatyti automatinės pavarų dėžės stovėjimo režimą (P).",174.jpg
175,Ar vasaros sezono metu leidžiama važiuoti su žieminėmis padangomis?,"Leidžiama, tačiau jos turi būti be dyglių.",Draudžiama.,,,1,2,"Kadangi KET nuo balandžio 10 d. iki spalio 31 d. draudžiama eksploatuoti transporto priemones tik su dygliuotomis padangomis, tai automobilius su nedygliuotomis žieminėmis padangomis eksploatuoti galima.",175.jpg
176,"Jūs sustojote įkalnėje dėl eismo spūsties kelyje, kaip geriausiai išlaikyti automobilį vietoje?",Įjungus pavarą ir išjungus variklį.,Stovėjimo stabdžiu.,Įjungus lėtinančiąją pavarą ir laikant buksuojančią sankabą.,Darbiniu stabdžiu.,2,2,"Kai sustojate įkalnėje dėl eismo spūsties, automobilis turi būti patikimai išlaikomas vietoje, kad nenuriedėtų atgal. Pagal Motorinių transporto priemonių valdymo įgūdžių ir gebėjimų vertinimo kriterijų aprašo 3.7.6 p., stovėjimo stabdis naudojamas, kai:
transporto priemonė sustabdyta ir vairuotojas neketina pajudėti iš karto (pvz., laukia spūstyje);
būtina užtikrinti, kad ji nejudėtų stovėdama įkalnėje.
Darbinį stabdį laikyti nuspaustą ilgą laiką nepatogu ir gali sukelti pavojų (pavyzdžiui, kojos paslydimas gali leisti automobiliui nuriedėti). Todėl saugiausia ir teisingiausia – įjungti stovėjimo stabdį.",176.jpg
177,Ar leidžiama tamsiu paros metu važiuoti įjungus tik gabaritines šviesas?,"Taip, jei važiuoju gyvenvietėje.","Taip, jei kelias matomas ne mažesniu kaip 50 m atstumu.",Draudžiama.,,3,1,"KET 94. Tamsiuoju paros metu arba esant blogam matomumui motorinių transporto priemonių, traktorių, savaeigių mašinų vairuotojai privalo važiuoti keliais su įjungtomis artimosiomis arba tolimosiomis žibintų šviesomis.",177.jpg
178,Dėl ko gali pradėti rasoti langai salone?,"Drėgmės, atsiradusios po automobilio plovimo.",Per didelio aušinimo skysčio lygio.,Per didelio žmonių kiekio salone.,Neteisingai pasirinkto šildymo-ventiliavimo režimo.,4,2,"Langai salone dažniausiai pradeda rasoti tada, kai salone susikaupia drėgnas oras ir jis kondensuojasi ant šaltesnio stiklo paviršiaus. Tai dažniausiai nutinka dėl neteisingai pasirinkto šildymo–ventiliavimo režimo, kai oras salone nepakankamai vėdinamas arba neįjungtas stiklo apipūtimas. Tinkamai parinkus šildymo ir ventiliacijos režimą (pvz., nukreipus oro srautą į langus, įjungus ventiliatorių ar kondicionierių), drėgmė pašalinama ir langai nerasoja.
Kiti atsakymai neteisingi, nes:
Drėgmė po automobilio plovimo gali padidinti drėgmę salone, tačiau pati savaime langų rasojimo nesukelia, jei ventiliacija veikia tinkamai. Jeigu langai rasoja (pvz., po plovimo), vadinasi neteisingai pasirinktas šildymo-ventiliavimo režimas.
Per didelis aušinimo skysčio lygis neturi įtakos langų rasojimui salone.
Didelis žmonių kiekis salone gali padidinti drėgmę, tačiau langai pradeda rasoti tik tada, kai netinkamai veikia arba parinkta ventiliacija.",178.jpg
179,Transporto priemone važiuoti draudžiama:,Jeigu pasibaigęs valstybinės techninės apžiūros galiojimo laikas.,Jeigu valstybinio numerio ženklas sulankstytas (bet įskaitomas).,Jeigu įlenktos automobilio durelės.,Jeigu neveikia garsinis signalas.,1,1,"Pastebėjus, kad neveikia garsinis signalas,  leidžiama važiuoti tik iki stovėjimo ar remonto vietos. Tačiau yra draudžiama eksploatuoti  automobilį (t.y. nuolat naudoti), kuris neatitinka techninių reikalavimų (pvz. neveikia garso signalas).
Draudžiama važiuoti KET 234 punkte nurodytais atvejais.",179.jpg
180,Ar Lietuvoje leidžiama naudoti nenumatytus šviesos prietaisų stiklus ir lempas?,"Leidžiama, jei jos neviršija leistino galingumo.",Draudžiama.,"Leidžiama, jei jos tinkamai sureguliuotos.","Leidžiama, jei jos pritaikytos tos šalies, kur naudojama transporto priemonė.",2,1,Techniniai motorinių transporto priemonių ir jų priekabų reikalavimai. Draudžiama naudoti nenumatytus arba draudžiamus naudoti apšvietimo ir šviesos signalizacijos prietaisus.,180.jpg
181,Ar leidžiama rūko žibintus naudoti vietoje artimųjų šviesų žibintų?,Leidžiama.,Draudžiama.,"Leidžiama, jeigu nedega priekinis kairysis artimųjų šviesų žibintas.",,3,1,"98. Rūko žibintus leidžiama naudoti tik esant blogam matomumui, o priekinius – ir sugedus priekiniam kairiajam artimųjų šviesų žibintui.",181.jpg
182,Sankryžos pravažiavimo tvarka:,"Traktorius, motociklas, automobilis.","Automobilis ir motociklas vienu metu, traktorius.","Automobilis, traktorius, motociklas.","Traktorius ir automobilis vienu metu, motociklas.",4,3,"Šioje situacijoje pirmi vienu metu numatytomis kryptimis gali važiuoti traktorius ir automobilis, nes pastarasis vienintelis neturi kliūties iš dešinės, o traktoriaus ir automobilio trajektorijos nesikerta. Motociklo vairuotojas gali važiuoti tik antras, praleidęs iš dešinės artėjantį traktorių.",182.jpg
183,Kur draudžiama apsisukti?,Likus iki sankryžos 15 m atstumui.,Pėsčiųjų perėjose.,"Keliuose, kuriuose yra daugiau kaip keturios eismo juostos.",Užmiesčio keliuose.,2,2,"KET 116. Apsisukti draudžiama:
116.1. pėsčiųjų perėjose;
116.2. geležinkelių pervažose;
116.3. tuneliuose;
116.4. ant tiltų, estakadų, viadukų ir po jais;
116.5. vietose, kur kelio matomumas bent viena kryptimi mažesnis kaip 100 metrų;
116.6. keliuose su skiriamąja juosta, išskyrus tam įrengtas ir kelio ženklais arba kelio ženklais bei horizontaliuoju ženklinimu pažymėtas apsisukimo vietas.",183.jpg
184,Kokia tvarka transporto priemonės važiuos per šią sankryžą?,"Baltas, juodas, raudonas, mėlynas automobilis.","Baltas, mėlynas, raudonas, juodas automobilis.","Baltas, raudonas, juodas, mėlynas automobilis.","Juodas, mėlynas, baltas, raudonas automobilis.",3,3,"Baltas automobilis yra pagrindiniame kelyje ir važiuoja tiesiai, todėl jis važiuoja pirmas. Pravažiavus baltam automobiliui, nebelieka kliūties raudonam, jis važiuoja antras. Juodas važiuoja trečias. Paskutinis sankryžą pravažiuos mėlynas automobilis, nes jis privalo duoti kelią juodam automobiliui, važiuojančiam lygiareikšmiu keliu priešinga kryptimi į dešinę.",184.jpg
185,Ar leidžiamas toks manevras?,Taip.,Ne.,,,1,2,"KET 182. Jeigu eismo juosta, skirta maršrutiniam transportui važiuoti ta pačia kryptimi, yra dešiniajame važiuojamosios dalies krašte ir nėra atskirta ištisine horizontaliojo ženklinimo linija, prieš posūkį į dešinę sukantys vairuotojai privalo, o apvažiuojantys sustojusią į kairę sukti transporto priemonę vairuotojai gali persirikiuoti į šią eismo juostą.",185.jpg
186,Kaip privaloma pastatyti savo transporto priemonę greta skiriamuoju ženklu „Asmuo su negalia“ pažymėtų transporto priemonių?,Kad nekliudytų išlipti ir įlipti asmeniui su negalia.,Kuo arčiau.,,,1,1,"KET 152. Greta skiriamuoju ženklu „Asmuo su negalia“ pažymėtų transporto priemonių savąją transporto priemonę vairuotojas privalo pastatyti taip, kad netrukdytų įlipti (išlipti) asmeniui su negalia.",186.jpg
187,"Ar leidžiama per geležinkelio pervažą gabenti specialiai transportuoti neparengtas žemės ūkio, kelių, statybos ir kitas mašinas?",Ne.,"Ne, jeigu tai galėtų pakenkti pervažos įrangai.","Taip, jeigu yra gautas geležinkelio savininko leidimas.",,2,1,"173. Eismo dalyviui draudžiama:
173.1. judėti per geležinkelį tam neskirtose vietose;
173.2. apvažiuoti kitas transporto priemones, kurios sustojo prieš geležinkelio pervažą praleisti bėginės transporto priemonės;
173.3. įvažiuoti ar įeiti į geležinkelio pervažą, kai užtvaras nuleistas arba pradeda leistis, savavališkai pakelti užtvarą arba jį apvažiuoti (apeiti);
173.4. įvažiuoti į geležinkelio pervažą, jeigu už jos yra kliūtis, kuri verstų vairuotoją sustoti geležinkelio pervažoje;
173.5. gabenti per geležinkelio pervažą specialiai transportuoti neparengtas žemės ūkio, kelių, statybos ir kitas mašinas, jeigu tai galėtų pakenkti geležinkelio pervažos įrangai;
173.6. važiuoti per geležinkelio pervažą asmens su negalia vežimėliu be lydinčio asmens;
173.7. geležinkelio pervažoje delsti ar stoviniuoti, taip pat užtrukti ilgiau, nei reikia ją pereiti ar pervažiuoti.",187.jpg
188,Ar leidžiama žalio automobilio vairuotojui taip manevruoti?,Taip.,Ne.,"Taip, jeigu yra įsitikinęs, kad manevras saugus.",,2,2,"KET 110. Jeigu eismas labai intensyvus ir visos eismo juostos užimtos, keisti eismo juostą leidžiama tik prireikus pasukti, apsisukti ar sustoti.",188.jpg
189,Kokia eilės tvarka automobiliai pravažiuos sankryžą?,"Žalias, geltonas, raudonas, mėlynas.","Raudonas, žalias, geltonas, mėlynas.","Raudonas kartu su geltonu ir žaliu, mėlynas.",,3,3,"Lygiareikšmių kelių sankryžoje žalias, raudonas ir geltonas automobiliai suka į dešinę, jų važiavimo trajektorijos su niekuo nesikerta, todėl jie gali važiuoti visi vienu metu. Mėlynas automobilis suka į kairę, todėl jis privalo praleisti priešinga kryptimi važiuojantį bei sukantį į dešinę geltoną automobilį. Mėlynas automobilis per sankryžą važiuoja paskutinis.",189.jpg
190,Kuris vairuotojas turi pravažiavimo pirmumą?,Mėlyno automobilio.,Raudono automobilio.,,,1,2,"Raudonas automobilis važiuoja nuo kalno (tai rodo ženklas ""Stati nuokalnė"", o ne ""Stati įkalnė""), jis turi duoti kelią važiuojančiam į kalną mėlynam automobiliui.",190.jpg
191,Ar leidžiama žalio automobilio vairuotojui šioje situacijoje važiuoti tiesiai (toliau žiedinėje sankryžoje)?,Leidžiama.,Draudžiama.,,,2,2,"KET - 1 pr. - 507. Nurodo juostų skaičių ir kryptis, kuriomis leidžiama važiuoti kiekviena juosta. Kai leidžiama sukti į kairę, iš kairės kraštinės juostos leidžiama ir apsisukti.",191.jpg
192,"Kai transporto priemonių važiavimo trajektorijos kertasi kiemo teritorijoje, duoti kelią privalo:","Vairuotojas, prie kurio transporto priemonė artėja iš kairės.","Vairuotojas, prie kurio transporto priemonė artėja iš dešinės.",,,2,1,"KET 115. Kai transporto priemonių važiavimo trajektorijos kertasi, o važiavimo tvarka Taisyklėse neaptarta, kelią privalo duoti vairuotojas, kuriam transporto priemonė artėja iš dešinės.",192.jpg
193,Ką privalote pirmiausia daryti prieš pradėdami lenkti?,"Įsitikinti, ar kelias priekyje yra laisvas.",Perjungti žemesnę pavarą.,Padidinti greitį.,Sumažinti greitį.,1,1,"KET 136 p. Vairuotojams rekomenduojama vengti nebūtinų lenkimo manevrų. Prieš pradėdamas lenkti, vairuotojas privalo imtis papildomų atsargumo priemonių ir įsitikinti, kad:
136.1. nė vienas iš važiuojančių paskui jį vairuotojų nepradėjo jo lenkti;
136.2. transporto priemonės, kurią ketinama lenkti, vairuotojas nerodo kairiojo posūkio signalo;
136.3. lenkimui būtina eismo juostos dalis yra laisva ir nebus kliudoma priešpriešiais atvažiuojančioms transporto priemonėms arba važiuojamąja dalimi judantiems pėstiesiems;
136.4. lenkiant bus užtikrintas saugus atstumas nuo lenkiamos transporto priemonės;
136.5. baigdamas lenkti, jis galės grįžti į savo eismo juostą, nesukliudydamas lenkiamai transporto priemonei.",193.jpg
194,"Kaip elgsitės, jeigu posūkyje pradeda slysti į šoną jūsų automobilio galinė ašis, kai varomi automobilio galiniai ratai?",Staigiai stabdydami suksite vairą į slydimo pusę.,Atleisite akseleratoriaus paminą ir pasuksite vairą į priešingą slydimui pusę.,Staigiai stabdydami suksite vairą į priešingą slydimui pusę.,Atleisite akseleratoriaus paminą ir pasuksite vairą į slydimo pusę.,4,3,"Kaip šiuo atveju reikia elgtis:
Atleisti akseleratoriaus paminą, kad galiniai ratai nustotų slysti.
Staigiai pasukti vairą į slydimo pusę (t. y. jei galinis galas slysta į dešinę, vairą pasukti dešinėn).
Kai ratai atgaus sukibimą, grąžinti vairą į reikiamą važiavimo trajektoriją.
Tokiu būdu pirmu ritmu atstatomas sukibimas, o antru – stabilizuojamas važiavimas.",194.jpg
195,"Kaip turi pasielgti vairuotojas pamatęs kelyje duobę, kurios išvengti neįmanoma, o automobilio greitis didelis?",Prieš įvažiuojant į duobę nustoti stabdyti.,Prieš įvažiuojant į duobę padidinti greitį.,,,1,1,"Išvydus duobę, reikėtų mažinti greitį ir bandyti ją apvažiuoti. Jeigu tai nepavyksta ir smūgio į duobę išvengti nepavyks, prieš pat ją reikėtų atleisti stabdį ir ištiesinti vairo padėtį – taip bus sumažinta tikimybė pažeisti tiek padangą, tiek važiuoklės dalis.",195.jpg
196,"Ar reikia sustoti ir praleisti pėsčiąjį, įžengusį į nereguliuojamą pėsčiųjų perėją (priešpriešinio eismo pirmąją juostą), kai jūsų judėjimo kryptimi yra viena, o priešpriešinio eismo kryptimi – dvi eismo juostos?",Taip.,Ne.,,,2,1,"Kadangi kelias jūsų judėjimo kryptimi turi vieną eismo juostą, o priešpriešinio eismo kryptimi – dvi (iš viso kelias turi 3 eismo juostas), pėsčiąjį privalote praleisti tik tada, kai jis įžengia į jūsų važiavimo krypties eismo juostą. Jei pėsčiasis dar yra priešpriešinio eismo juostose (kurios yra dvi), sustoti ir jo praleisti pagal šį punktą neprivalote, nes reikalavimas praleisti pėsčiąjį visame perėjos plotyje galioja tik tada, kai kelias turi po vieną juostą kiekviena kryptimi.
Vairuotojas privalo praleisti pėsčiąjį, kuris yra bet kurioje jo važiavimo krypties eismo juostoje, kai viena kryptimi yra po vieną eismo juostą.",196.jpg
197,"Jūs ir sunkvežimis iš kitos pusės norite sukti į kairę, bet jūsų matomumui trukdo sunkvežimis. Ką darysite?","Važiuosite, nes turite pirmumą.","Važiuosite, tik įsitikinęs, kad yra saugu.","Važiuosite, nes jums dega žalias šviesoforo signalas.",,2,2,"Žalias šviesoforo signalas leidžia važiuoti, tačiau sukant į kairę vairuotojas vis tiek turi praleisti priešpriešais atvažiuojančias transporto priemones, kurios važiuoja tiesiai arba suka į dešinę.
Šioje situacijoje matomumą gali užstoti sunkvežimis, todėl vairuotojas neturėtų skubėti. Saugiausia yra palaukti, praleisti sunkvežimį ir tik tada, kai aiškiai matosi, kad iš priekio niekas neatvažiuoja, baigti posūkį į kairę.",197.jpg
198,Šioje situacijoje pirmumo teisę turi:,"Balto automobilio vairuotojas, važiuojantis tiesiai.","Mėlyno automobilio vairuotojas, rikiuodamasis į gretimą eismo juostą.",,,1,1,"KET 104 p. Persirikiuodamas vairuotojas privalo duoti kelią transporto priemonėms, važiuojančioms gretima eismo juosta ta pačia kryptimi. Jeigu ta pačia kryptimi važiuojančios transporto priemonės persirikiuoja kartu, vairuotojas privalo duoti kelią dešinėje esančiai transporto priemonei, išskyrus Taisyklių 112 punkte nurodytus atvejus.
KET 112. Jeigu yra greitėjimo juosta, skirta įvažiuoti į kelią, vairuotojas privalo važiuoti ja ir įsilieti į transporto srautą (persirikiuoti į gretimą eismo juostą), duodamas kelią juo važiuojančioms arba į lėtėjimo juostą persirikiuojančioms transporto priemonėms.",198.jpg
199,"Vanduo, patekęs ant stabdžių trinkelių, pablogina stabdžių veikimo efektyvumą. Kaip pasielgsite?",Daug kartų stabdysiu stovėdamas (-a) vietoje.,"Nekreipsiu į tai dėmesio, nes jos išdžius per keletą minučių.","Keletą kartų nestipriai stabdysiu, važiuodamas (-a) nedideliu greičiu.",,3,1,"Pervažiavus gilų vandens telkinį, kurį laiką reikėtų važiuoti mažu greičiu, kelis kartus nuspausti stabdžių paminą, tuo nudžiovinant stabdžių diskus ar būgnus bei trinkeles ar kaladėles. Jos nudžiūva dėl pakilusios temperatūros, trinantis stabdžių trinkelėms į stabdžių diskus arba stabdžių kaladėlėms į stabdžių būgnus.",199.jpg
200,"Ar privalote imtis visų būtinų priemonių nekelti pavojaus kitų eismo dalyvių saugumui, jei dėl to kiltų pavojus jūsų paties gyvybei ar sveikatai?","Taip, privalote.",Neprivalote.,Kelių eismo taisyklėse tai neaprašyta.,,2,1,"Pagal Kelių eismo taisykles (KET), vairuotojas nėra įpareigotas imtis priemonių, kurios keltų pavojų jo paties gyvybei ar sveikatai.",200.jpg
201,Saugaus eismo automobilių keliais Lietuvos Respublikoje teisinius pagrindus nustato:,LR civilinis kodeksas (CK).,LR baudžiamasis kodeksas (BK).,LR administracinių nusižengimų kodeksas (ANK).,LR saugaus eismo automobilių keliais įstatymas (SEAKĮ).,4,2,"SEAKĮ- 1 straipsnis. Įstatymo paskirtis ir taikymas 1. Šis įstatymas nustato eismo saugumo automobilių keliais Lietuvos Respublikoje teisinius pagrindus, valstybės ir savivaldybių institucijų ir įstaigų pareigas įgyvendinant saugaus eismo politiką, eismo dalyvių mokymą, pagrindines eismo dalyvių, už kelių priežiūrą atsakingų asmenų, policijos, muitinės pareigūnų ir kitų tikrinančių pareigūnų teises ir pareigas, taip pat pagrindinius su transporto priemonių technine būkle, techninės būklės tikrinimu, transporto priemonių registravimu susijusius reikalavimus, eismo saugumo reikalavimus keliams, siekiant apsaugoti eismo dalyvių ir kitų asmenų gyvybę, sveikatą ir turtą, gerinti transporto ir pėsčiųjų eismo sąlygas.",201.jpg
202,Kas yra „Geležinkelio pervaža”?,"Vieta, kur kelias kerta geležinkelio bėgius 5 m aukštyje.",Kelio susikirtimas su geležinkeliu viename lygyje.,,,2,1,3.5. Geležinkelio pervaža - kelio susikirtimas su geležinkeliu viename lygyje.,202.jpg
203,Kas priklauso maršrutiniam transportui?,Taksi.,"Viešojo transporto priemonės (autobusai, troleibusai, maršrutiniai taksi), kuriomis reguliariai vežami keleiviai nustatytu maršrutu su nurodytomis sustojimo vietomis.",Mikroautobusai.,,2,1,"Mikroautobusas – tai transporto priemonė, kurioje yra ne daugiau kaip 8 sėdimos vietos keleiviams (be vairuotojo vietos) ir kurios didžiausioji leidžiamoji masė neviršija 3,5 t. Tai gali būti ir privatus, ir komercinis automobilis.
Maršrutinis taksi (arba maršrutinis mikroautobusas) – tai viešojo transporto priemonė, važiuojanti nustatytu maršrutu, su nustatytomis stotelėmis ir ženklu „Maršrutinis transportas“.",203.jpg
204,Kuri transporto priemonė važiuos per sankryžą paskutinė?,Dviratis.,Keturratis.,Lengvasis automobilis.,,2,3,"Pirmas važiuos dviratininkas, kadangi jis neturi kliūties iš dešinės pusės, antras važiuos automobilis, nes pravažiavus dviračiui, jam nebeliks kliūties iš dešinės pusės. Paskutinis važiuos keturračio vairuotojas, nes pravažiavus automobiliui, jam taip pat nelieka kliūties iš dešinės pusės.",204.jpg
205,"Ar prieš pradėdamas važiuoti iš stotelės, maršrutinio transporto vairuotojas turi įsitikinti, kad jam duodamas kelias?","Taip, turi.","Ne, neturi.",Maršrutinis transportas visada turi pirmumą prieš kitas transporto priemones.,,1,1,"KET 180 p. Prieš pradėdamas važiuoti iš stotelės, maršrutinio transporto vairuotojas turi įsitikinti, kad jam duodamas kelias.",205.jpg
206,"Tam, kad galėtumėte pradėti mokytis vairuoti B kategorijos lengvąjį automobilį keliuose, privalote būti ne jaunesnis (-ė) kaip:",16 metų.,17 metų.,18 metų,,2,1,"B kategoriją galima vairuoti - nuo 18 metų, o pradėti mokytis metais anksčiau - nuo 17 metų.",206.jpg
207,Kuris vadeliotojas važiuoja teisingai keliu su kelkraščiais?,A.,B.,Abu važiuoja neteisingai.,,1,1,"KET 68. Vadelioti, varyti gyvulius ar paukščius, joti leidžiama tik dešiniuoju kelkraščiu, o jeigu jo nėra, – dešiniuoju važiuojamosios dalies pakraščiu, kuo arčiau prie važiuojamosios dalies krašto, nesukeliant pavojaus kitiems eismo dalyviams.
KET 69. Vadeliojamų vežimo ar rogių priekyje turi būti balti, iš šonų – oranžiniai, gale – raudoni šviesos atšvaitai, pritvirtinti gerai matomose vietose ir pažymintys kraštinius vežimo ar rogių gabaritus.",207.jpg
208,"Ką privalo su savimi turėti motorinės transporto priemonės vairuotojas, gavęs policijos kvietimą nurodytu laiku atvykti į policiją?","Asmens tapatybę patvirtinantį dokumentą visais atvejais. Valstybinės techninės apžiūros dokumentą, automobilio privalomojo civilinio draudimo dokumentą, vairuotojo pažymėjimą, jei nurodyta kvietime.",Vairuotojo pažymėjimą visais atvejais.,Galiojančią vairuotojo sveikatos patikrinimo medicininę pažymą.,"Sveikatos žinių atestavimo pažymėjimą, kad baigtas mokymas pagal privalomojo pirmosios pagalbos mokymo programą.",1,1,"8. Gavęs policijos kvietimą, eismo dalyvis privalo nurodytu laiku atvykti į policijos įstaigą. Su savimi jis privalo turėti asmens tapatybę patvirtinantį dokumentą ir kitus kvietime nurodytus dokumentus.",208.jpg
209,Ar reikalingos žieminės arba universaliosios padangos žiemos metu vienaašei lengvojo automobilio priekabai be stabdžių sistemos?,Taip.,Ne.,,,1,1,"Nuo lapkričio 10 d. iki kovo 31 d. draudžiama eksploatuoti motorines transporto priemones ir priekabas su vasarinėmis padangomis (padangų protektoriaus rašto gylis turi būti ne mažesnis kaip 3,0 mm).  Taigi vasarinės padangos žiemos sezono metu draudžiamos, bet nėra būtinybės montuoti specialiai žieminių padangų – galima naudoti ir universalias padangas.",209.jpg
210,Lengvųjų automobilių techninė apžiūra turi būti atliekama:,Kas 12 mėnesių.,"Po 3 metų nuo pirmos registracijos datos, po to kas 12 mėn.","Po 2 metų nuo pirmos registracijos datos, po to kas 24 mėn.","Po 3 metų nuo pirmos registracijos datos, po to kas 24 mėn.",4,2,"Nuo pirmos registracijos reiškia, kad kai automobilis dar naujas.",210.jpg
211,Ką charakterizuoja benzino oktaninis skaičius 95 arba 98?,Variklio atsparumą detonacijai.,Benzino atsparumą žemoms temperatūroms.,Benzino atsparumą detonacijai.,,3,2,"Oktaninis skaičius. Jis nusako benzino savybę vidaus degimo variklyje sudegti be detonacijos. Detonacija — savaiminis ir priešlaikinis benzino garų ir oro mišinio užsidegimas ne nuo žvakės, bet nuo suspaudimo bei įkaitusių cilindro dalių. Minėtojo mišinio atsparumas savaiminei detonacijai nusakomas oktaniniu skaičiumi.",211.jpg
212,Ar tamsiu paros metu gyvenvietėje neapšviestame kelyje leidžiama įjungti tolimąsias žibintų šviesas?,Leidžiama.,Draudžiama.,,,1,1,"Neapšviestuose keliuose įjungti tolimąsias žibintų šviesas gyvenvietėje yra leidžiama, jei:
gyvenvietėje kelias neapšviestas,
ir neakinate kitų vairuotojų.",212.jpg
213,"Ar asmuo, varantis keliu gyvulius, yra laikomas vairuotoju?",Taip.,Ne.,,,1,1,"SEAKĮ 2 str. 92. Vairuotojas – asmuo, vairuojantis transporto priemonę. Vairuotojams prilyginami asmenys, dalyvaujantys eisme pagal šiame įstatyme nustatytus papildomus reikalavimus (vadeliotojai, raiteliai, asmenys, varantys keliu gyvulius ar paukščius), taip pat asmenys, kurie moko vairuoti.",213.jpg
214,"Per kiek laiko iš žmogaus organizmo pasišalina 1,5 promilė alkoholio?",Alkoholis suskaidomas tik po 1 valandos.,Alkoholis suskaidomas tik po 6 valandų.,Alkoholis suskaidomas tik po 12 valandų.,,3,1,"Testo klausime klausiama  per kiek laiko iš organizmo, o ne iš kraujo pasišalina 1,5 promilė alkoholio.
Alkoholio kiekis mažėja labai lėtai, iš anksto žinomu tempu, kadangi žmogaus kepenys per valandą suardo tam tikrą jo kiekį. Šalinant alkoholį iš organizmo 90% viso darbo tenka kepenims, o 10 % plaučiams ir inkstams. Sveiko žmogaus kepenys suardo nuo 0,15 iki 0,20 ‰/h. Taigi, 1 ‰ pašalinti vidutiniškai užtruks 6 valandas.
Jei per vakarą išgėrėte 200 g degtinės, tai už vairo negalite sėsti dar mažiausiai 10-12 valandų.
Alkoholio šlapime galima aptikti: nuo trijų iki penkių dienų. Kraujyje: nuo 10 iki 12 valandų. Plaukuose: iki 90 dienų. Iškvėptame ore: iki 24 val.
Jei vakare buvo rimtas išgėrimas ir žmogus nori vairuoti ryte, reikėtų atkreipti dėmesį, kada buvo baigta gerti paskutinė taurė. Daugumai žmonių nuo paskutinės taurės turi praeiti 12 val., kad alkoholis tikrai būtų suskaldytas, atskirais atvejais gali reikėti ir daugiau laiko.",214.jpg
215,Kokiu greičiu leidžiama vadelioti kelyje?,Ne didesniu kaip 5 km/val. greičiu.,Ne didesniu kaip 20 km/val. greičiu.,"Saugiu greičiu, nesukeliant pavojaus kitiems eismo dalyviams.",Didžiausiu leistinu greičiu tame kelio ruože.,3,2,"KET nenustato tikslaus greičio vadeliojant gyvulius, nes tai ne transporto priemonė.
Leidžiama judėti tik dešiniuoju kelkraščiu ar važiuojamosios dalies pakraščiu, saugiu greičiu, kad nekeltų pavojaus kitiems eismo dalyviams.
Todėl „didžiausiu leistinu greičiu“ šiuo atveju netinka – tai sąvoka taikoma transporto priemonėms, o ne vadeliojimui.",215.jpg
216,Kokius vaikus privaloma vežti specialiose jų ūgiui ir svoriui pritaikytose sėdynėse?,"Tik iki 3 metų amžiaus vaikus, nepriklausomai nuo ūgio.","Tik iki 12 metų amžiaus vaikus, nepriklausomai nuo ūgio.",Žemesnius kaip 150 cm ūgio vaikus.,Žemesnius kaip 135 cm ūgio vaikus.,4,1,"KET 199. Žemesni kaip 135 cm ūgio vaikai lengvuoju ar krovininiu automobiliu vežami prisegti jų ūgiui ir masei pritaikytomis vaikų prisegimo sistemomis pagal gamintojo nurodytą dydžio intervalą ir didžiausią vaiko masę arba šias grupes:
199.1. 0 grupė skirta vaikams, kurie sveria mažiau kaip 10 kg;

199.2. 0+ grupė skirta vaikams, kurie sveria mažiau kaip 13 kg;

199.3. I grupė skirta vaikams, kurie sveria nuo 9 iki 18 kg;

199.4. II grupė skirta vaikams, kurie sveria nuo 15 iki 25 kg;

199.5. III grupė skirta vaikams, kurie sveria nuo 22 iki 36 kg.",216.jpg
217,Kiek motorinių transporto priemonių leidžiama vilkti vienu metu?,Vieną.,Dvi.,Tris.,,1,1,"KET 217. Vilkti arba vežti transporto priemones draudžiama:
217.6. vilkti daugiau kaip vieną motorinę transporto priemonę, traktorių, savaeigę mašiną;",217.jpg
218,Ar įvažiavimo į kelią iš šalia jo esančios aikštelės vieta yra sankryža?,Taip.,Ne.,,,2,2,"Sankryžomis nelaikomos vietos, kur išvažiuojama iš kelio į esančias šalia jo teritorijas arba įvažiuojama į kelią iš šalia jo esančių teritorijų. Geltonas automobilis pastatytas neteisingai, bet atsakymui į klausimą jis jokios įtakos neturi.",218.jpg
219,Ar šiame paveikslėlyje pavaizduota sankryža?,Taip.,Ne.,,,1,2,"Sankryžomis nelaikomos vietos, kur išvažiuojama iš kelio į esančias šalia jo teritorijas arba įvažiuojama į kelią iš esančių šalia jo teritorijų. Šiuo atveju, kertasi asfaltuotas kelias su lauko keliu, todėl šis susikirtimas yra laikomas sankryža.",219.jpg
220,Kas yra „Tamsusis paros metas“?,Kai kelio matomumas mažesnis kaip 300 metrų.,Laikas nuo sutemų pabaigos iki ryto prieblandos pradžios.,Laikas nuo saulėlydžio iki saulėtekio.,Kai kelio matomumas mažesnis kaip 200 metrų.,3,1,SEAKĮ 2 str. 69. Tamsusis paros metas – laikas nuo saulėlydžio iki saulėtekio.,220.jpg
221,"Minimalus amžius, nuo kurio galima pradėti mokytis vairuoti triračius, kurių galia didesnė kaip 15 kW?",20 metų.,21 metų.,23 metų.,24 metų.,1,1,"Pradėti mokytis galima vienais metais anksčiau (nuo 20 m.), nei leidžiama gauti  (nuo 21 m.) šios kategorijos vairuotojo pažymėjimą.",221.jpg