id,question,option_a,option_b,option_c,option_d,correct,difficulty,explanation,picture
1,What will you do if you are approaching a pedestrian crossing some distance ahead but are not sure that nobody is standing at it?,I will stop at the crossing when I reach it.,I will ease off the accelerator.,I will drive on without braking.,,2,1,"The first answer is wrong: in the dark, if you are not sure whether anyone is standing at the crossing, you do not have to stop at every crossing. It is enough to ease off the accelerator and to stop the vehicle if that becomes necessary.",1.jpg
2,What does this sign mean?,Cyclists.,Children.,Residential zone.,,1,1,"""Cyclists"" warns of a stretch of road that is often entered or crossed by cyclists and by riders of electric micromobility vehicles.",2.jpg
3,"If a driver has comprehensive (KASKO) insurance, is compulsory third party liability insurance also required?",It is not required.,It is required.,,,2,1,"Compulsory third party liability insurance is always required, even if the car is covered by comprehensive (KASKO) insurance. Note that if you are the owner of the car you do not have to carry these documents with you, but after a road accident you may have to give their details to the other party involved, for example when filling in an accident declaration.",3.jpg
4,"In a residential zone, the driver of a lorry must not drive faster than:",30 km/h.,20 km/h.,60 km/h.,40 km/h.,2,2,In a residential zone it is prohibited to drive faster than 20 km/h.,4.jpg
5,Is a combine harvester allowed to drive on a motorway?,It is allowed.,It is allowed during the day.,It is prohibited.,,3,1,"On roads marked with the signs ""Motorway"" or ""Road for Motor Vehicles"" the following are prohibited: pedestrians, driving animal-drawn vehicles, driving or herding animals or birds, horse riding, and the movement of bicycles, electric micromobility vehicles, mopeds, quadricycles of all kinds and all other vehicles, except cars, motorcycles, tricycles, and motorcycles and cars with trailers, provided that the maximum design speed of these motor vehicles, or their speed given their technical condition, is at least 60 km/h.",5.jpg
6,Is it allowed to carry people in the body of a lorry?,It is allowed if the body has been adapted accordingly and seats have been fitted.,It is allowed for people accompanying the load.,"It is prohibited, except for passengers carried for the needs of the national defence system.",,3,2,"Passengers may be carried only in vehicles intended for that purpose (or specially adapted for it) and only in the places designed for passengers. Carrying passengers in the body of a lorry is prohibited, except for passengers carried for the needs of the national defence system, where the body has been adapted for carrying passengers.",6.jpg
7,What does this road sign mean?,"A parking space for electric vehicles, for use only while they are charging.",A parking space for cars.,,,1,1,"Road sign 854, ""Electric vehicles"". It indicates that the parking space is for electric vehicles to stand in only while they are being charged.",7.jpg
8,What is an intersection of carriageways?,It is the area bounded by the lines imagined as extensions of the outer edges of the intersecting carriageways.,It is the area bounded by imaginary lines joining the outer edges of the pavements or shoulders.,,,1,1,"An intersection of carriageways (hereinafter — carriageway intersection) is the area bounded by the straight lines imagined as extensions of the outer edges of the intersecting carriageways, regardless of whether those edges are widened or rounded.",8.jpg
9,In how many rows are cars allowed to stop and stand on the carriageway?,In one row.,In two rows.,In three rows.,,1,2,Vehicles are allowed to stop and stand on the carriageway in one row only.,9.jpg
10,Is it allowed to pass a car that has been forced to stop in this way?,It is allowed.,It is prohibited.,,,1,1,"Solid road marking lines may be crossed in the exceptional case where it is impossible to continue without changing lane because of a stationary obstruction on the carriageway (a fallen tree, a road accident, a vehicle forced to stop or parked where it should not be, or other stationary objects that make movement impossible), provided that it is safe to do so and other road users are not obstructed.",10.jpg
11,What do these road signs mean?,Standing is prohibited for 20 m ahead on the side of the road where the signs are placed.,Standing is prohibited beyond 20 m on the side of the road where the signs are placed.,,,1,1,"Road sign 333 — No standing (vehicles are prohibited from standing on the side of the road where the sign is. It does not apply to vehicles marked with the ""Disabled person"" distinguishing sign or with a disabled person's parking card, nor to taxis with the taximeter switched on. If it is used together with marking line 1.9, it applies until the end of that line).
Road sign 806 — Zone of validity ahead (indicates the length of the zone beyond the sign in which the dangerous section of road, or the other road signs it is used with, apply).",11.jpg
12,Is it allowed to pass vehicles travelling in the same direction on their right while driving in a deceleration or acceleration lane?,It is prohibited in all cases.,It is allowed only for vehicles that are turning left or making a U-turn.,It is allowed if you do not obstruct traffic.,It is allowed only for vehicles travelling slower than 30 km/h.,2,2,Vehicles (except bicycles and electric micromobility vehicles) are prohibited from passing vehicles travelling in the same direction on their right (except for the permitted passing on the right of vehicles that are turning left or making a U-turn) while driving on the shoulder or in a deceleration or acceleration lane. Slower vehicles travelling in the same direction should be passed on the left.,12.jpg
13,"When taking part in traffic, drivers of bicycles and of other vehicles classed as powered cycles (electric scooters, electric self-balancing vehicles and similar, with a speed of up to 25 km/h and a power of up to 1 kW) must follow the Road Traffic Rules intended for:",pedestrians.,cyclists.,drivers of motor vehicles.,,2,1,"The requirements laid down in the Rules for cyclists, together with the road signs and road markings, also apply to drivers of powered cycles.",13.jpg
14,What does a white arrow-shaped traffic light signal on a black background mean?,That you may only go straight ahead.,It warns that this street is one-way.,It warns that you must follow the road signs.,It permits scheduled public transport to proceed in the indicated direction.,4,1,"Road Traffic Rules, clause 801. White signals on a black background in traffic lights intended for scheduled public transport have the following meanings:
801.1. an S-shaped signal prohibits the movement of scheduled public transport;
801.2. a horizontal bar signal prohibits the movement of scheduled public transport (except in the cases set out in clauses 29 and 166 of the Rules) and indicates that the traffic light signals are about to change;
801.3. an S-shaped signal and a horizontal bar signal switched on together prohibit the movement of scheduled public transport and indicate that an arrow-shaped signal (signals) will shortly be switched on;
801.4. an arrow-shaped signal (signals) permits the movement of scheduled public transport in the indicated direction (directions).",14.jpg
15,Which group of road signs does this sign belong to?,Prohibitory signs.,Mandatory signs.,Vehicle distinguishing and information signs.,Warning signs.,3,1,"In buses fitted with seat belts, an information sign ""Fasten your seat belt"" must be shown in front of every seat, or in a visible place on or beside the bus seat. The sign is blue and white, the diameter of its circle is 60 mm and the width of the white border is 3 mm.",15.jpg
16,How must vehicles travel if the carriageway is divided into lanes by marking lines?,"Not necessarily in the lanes, if a lane is not wide enough.","Not necessarily in the lanes, if there are no other vehicles about.",Only in those lanes. Driving onto a broken marking line is allowed only when changing lanes.,,3,1,"If the carriageway is divided into lanes by road markings and/or road signs, vehicles must travel in those lanes. Driving onto broken road marking lines is allowed only when changing to another lane; solid road marking lines may be crossed only in the cases set out in Annex 3 to the Rules. Where a solid marking line (single or double) separates the lanes of opposing directions, the driver must keep to the right of it. Solid road marking lines and directional islands may also be crossed in the exceptional case where it is impossible to continue without changing lane because of a stationary obstruction on the carriageway (a fallen tree, a road accident, a vehicle forced to stop or parked where it should not be, or other stationary objects that make movement impossible), provided that it is safe to do so and other road users are not obstructed.",16.jpg
17,"What must you do if you are forced to stop on an unlit stretch of road in the dark, or in poor visibility, with the side lights and brake lights out of order?",Turn the vehicle around and switch on the dipped headlights.,"If the car cannot be parked off the road — switch on the hazard warning lights, and if there are none or they are out of order, place a warning triangle.",Mark the car with brightly coloured flags.,,2,2,"Road Traffic Rules, clause 92. If a vehicle has no hazard warning lights or they are out of order and it is forced to stop where stopping or standing is prohibited, or after a road accident, and also if it is forced to stop where other road users would see the stopped vehicle less than 100 m away, the driver of a motor vehicle (except a moped or a motorcycle without a sidecar), a tractor or a self-propelled machine must immediately place a warning triangle facing the direction of oncoming traffic on that side of the carriageway: in built-up areas no closer than 25 m, and outside built-up areas no closer than 50 m from the stopped vehicle. If at least one rear side light fails while driving in the dark or in poor visibility and the hazard warning lights do not work, a warning triangle must be fixed to the rear of the vehicle in order to continue.

Road Traffic Rules, clause 151. A driver forced to stop where stopping (standing) is prohibited must switch on the hazard warning lights, if fitted, and/or place a warning triangle as set out in clause 92 of the Rules, and remove the vehicle from the road as quickly as possible. If you wish to stop on an unlit stretch of road in the dark or in poor visibility and there are no hazard warning lights or they are out of order, the vehicle must be parked off the road. If that cannot be done, the place must be marked as set out in clause 92 of the Rules.",17.jpg
18,In what order will the cars go?,"Yellow, blue, red.","Red, yellow, blue.","Blue, yellow, red.",,3,3,"Because this is a junction of equal-priority roads, drivers must follow the rules for crossing such junctions. The blue car goes first, because when turning left at a junction of equal-priority roads the yellow car must give way to the blue car coming from the opposite direction and going straight ahead. The yellow car goes second, because once it has entered the junction there is no longer an obstacle on its right. The red car goes last, because its obstacle on the right was the yellow car.",18.jpg
19,The silver car is pulling out of a parking space. Which car will have priority?,The yellow car.,The silver car.,,,1,3,"Before pulling out of the parking space the silver car must make sure that it will not obstruct other road users and, in this case, must give way to the yellow car.",19.jpg
20,Is it allowed to turn left in the direction shown on this two-way road?,It is prohibited.,It is allowed.,,,2,2,"The road sign ""Ahead only"". Only straight ahead is allowed. A sign placed at the beginning of a section of road applies as far as the nearest junction and does not prohibit turning right in order to enter premises beside the road. A sign placed before a junction applies only at the carriageway intersection before which it is placed. The requirements of the sign do not apply to scheduled public transport.",20.jpg
21,This sign prohibits:,"the movement of lorries and combinations of vehicles with a mass over 3.5 t, 3 km further on.",the movement of all vehicles 3 km further on.,the movement of lorries with a mass over 3.5 t for 3 kilometres from the sign.,,1,2,"Road Traffic Rules, Annex 1, sign 304. Road sign ""No lorries"". It is prohibited to drive lorries and combinations of vehicles whose maximum authorised mass exceeds 3.5 t or exceeds the mass shown on the sign, and also tractors and self-propelled machines, except vehicles serving premises in the area.
Road Traffic Rules, Annex 1, plate 801. Plate ""Distance to object"". It indicates the direction of, and the distance to, an object or the start of a dangerous section of road. The direction of the object (section) shown on the plate is straight ahead.",21.jpg
22,Is it allowed to stop on the shoulder at this spot?,It is prohibited.,It is allowed.,,,2,2,"A sign prohibiting stopping and standing applies only as far as the end of the built-up area. In this situation, therefore, the car is allowed to stand like this.",22.jpg
23,Which driver must give way in this situation on a two-way road?,The blue one.,The green one.,,,1,2,"Because this stretch of road is marked with a broken road marking line, the driver of the green car may overtake and has priority. The marking line tells us that this is not a junction but an entrance to a yard or premises.",23.jpg
24,Which vehicles are allowed to stand in the parking space marked by this road sign?,"Vehicles marked with the ""Disabled person"" distinguishing sign.",Only vehicles with special permits.,Vehicles serving premises in the area.,Scheduled public transport.,2,1,"""Reserved parking space"". A parking space where vehicles may stand only with special permits. Permits that are not electronic are displayed behind the windscreen.",24.jpg
25,When is it most appropriate for the driver of an overtaking car to return to the right-hand lane?,Immediately after finishing the overtake.,After driving more than 100 m past the overtaken car.,When the driver of the overtaking car can see the overtaken car in the rear-view mirror.,,3,2,"Drivers are advised to avoid unnecessary overtaking manoeuvres. Before starting to overtake, a driver must take additional precautions and make sure that:
136.1. none of the drivers following behind has started to overtake them;
136.2. the driver of the vehicle to be overtaken is not signalling a left turn;
136.3. the part of the lane needed for overtaking is clear and that oncoming vehicles, or pedestrians moving on the carriageway, will not be obstructed;
136.4. a safe distance from the overtaken vehicle will be kept during the overtake;
136.5. on finishing the overtake they will be able to return to their own lane without obstructing the overtaken vehicle.",25.jpg
26,In what order will the vehicles cross the junction (the white car has blue and red beacons and its siren switched on)?,"Emergency vehicle, red car, blue car, yellow car.","Emergency vehicle, blue car, red car, yellow car.","Emergency vehicle, blue car, yellow car, red car.","Emergency vehicle, yellow car, blue car, red car.",1,3,"This is a junction of equal-priority roads, so drivers must give way to vehicles approaching from the right if their paths cross. Because the white car has blue and red beacons and a siren switched on, it has priority and goes first. The remaining cars then follow the give-way-to-the-right rule. The red car crosses second, because once the white car has passed it no longer has an obstacle on its right. The blue car goes next, because once the red car has passed there is no longer an obstacle on its right, and finally the yellow car goes.",26.jpg
27,What does this road sign indicate?,It recommends driving no faster than 40 km/h beyond the sign.,It prohibits driving faster than 40 km/h on all roads in the area beyond the sign.,It prohibits driving faster than 40 km/h only as far as the nearest junction.,,2,1,"""Speed limit zone"". On all roads in the area beyond the sign it is prohibited to drive faster (in km/h) than shown on the sign. Where a time is given, the sign applies only during that time.",27.jpg
28,Is it compulsory to stop at the STOP line when turning right in this situation?,It is compulsory.,It is not compulsory.,,,2,2,"You must stop only where a plate with a green arrow on a white background is fitted. Here there is an additional signal section with a green arrow to the right, so you do not have to stop.",28.jpg
29,What do this road sign and the plates indicate?,The bends will start in 400 m and continue for 100 m.,The bends will start in 100 m and continue for 400 m.,,,1,1,"Road Traffic Rules, Annex 1, sign 116. ""Bends"". A section of road with bends of small radius or limited visibility. The first bend is to the left/right.
Road Traffic Rules, Annex 1, plate 805. ""Zone of validity ahead"". It indicates the length of the zone beyond the sign in which the dangerous section of road, or the other road signs it is used with, apply.
Road Traffic Rules, Annex 1, plate 801. ""Distance to object"". It indicates the direction of, and the distance to, an object or the start of a dangerous section of road. The direction of the object (section) shown on the plate is straight ahead.",29.jpg
30,What speed is the driver of a heavy quadricycle allowed to drive at on the stretch of road beyond these signs?,90 km/h.,80 km/h.,70 km/h.,,3,1,"Outside built-up areas the permitted speeds are:
131.6. quadricycles and heavy quadricycles — no more than 70 km/h;",30.jpg
31,Is the driver of the yellow car allowed to make a U-turn at this junction?,It is allowed.,It is prohibited.,,,2,2,"To make a U-turn, the driver of the yellow car should have moved into the far left-hand lane in good time and turned from there.",31.jpg
32,"The police car's siren is switched on. Car ""2"" will cross the junction:",First.,Third.,Second.,Last.,2,3,"The police car goes first, because its beacons and siren are switched on, so everyone must give way to it.
Cars 1 and 2 are on the major road and car 4 is on the minor road, so car 4 will go last.
Between cars 1 and 2 the give-way-to-the-right rule applies: car 2 must give way to car 1, because car 1 is on its right.",32.jpg
33,Which group of child seat is intended for children weighing between 22 and 36 kg?,III,I,II,,1,2,"Children under 135 cm tall who are carried in a car or a lorry must be restrained by child restraint systems suited to their height and weight, according to the size range and maximum child weight stated by the manufacturer, or according to these groups:
199.1. group 0 is for children weighing less than 10 kg;
199.2. group 0+ is for children weighing less than 13 kg;
199.3. group I is for children weighing between 9 and 18 kg;
199.4. group II is for children weighing between 15 and 25 kg;
199.5. group III is for children weighing between 22 and 36 kg.",33.jpg
34,What effect does wheel locking have on the braking distance?,The braking distance gets longer.,It has no effect.,The braking distance gets shorter.,,1,1,"When a car's wheels lock during braking they lose grip on the road surface. This sliding means that the braking friction becomes lower than when the wheels are still rolling. As a result the car slows down more slowly and the braking distance gets longer. The driver also loses the ability to steer the car, which makes sudden manoeuvres dangerous. Modern vehicles use an ABS system, which prevents the wheels from locking and ensures effective and safe braking.",34.jpg
35,How can you tell while driving whether your car's main beam headlights are switched on?,By a green warning light.,By a yellow warning light.,By a blue warning light.,By a red warning light.,3,1,"When the main beam headlights are switched on, a blue warning light normally comes on in the instrument panel. This lets the driver see easily that the lights are on, even when they cannot see the beams directly.",35.jpg
36,How long does it take for 1.0 per mille of alcohol to leave the blood?,3 hours.,6 hours.,10 hours.,,3,2,The body removes about 0.1–0.15 per mille per hour on average. Bringing 1.0 per mille down to 0 can therefore often take about 10 hours if the concentration was high.,36.jpg
37,What will you do in this situation (a trolleybus is standing before the crossing)?,"On reaching the pedestrian crossing you will reduce speed and, seeing no pedestrians, drive on.","On reaching the pedestrian crossing you will stop and, having made sure there are no pedestrians, drive on.","You will drive at the same speed as before, paying no attention to the stopped trolleybus.",,2,2,"In a situation like this, pedestrians walking out from behind the trolleybus may not be visible, so if you drive on without stopping you could knock them down. You must therefore stop at the crossing and drive on only after letting the pedestrians pass or making sure that there are none.",37.jpg
38,"Placed in a built-up area, this road sign warns that:",The dangerous section with bends will start 50–100 m beyond the sign.,The dangerous section with bends will start immediately beyond the sign.,The dangerous section with bends will start 150–300 m beyond the sign.,,1,1,"Outside built-up areas, warning signs 101–137 and 150 are placed 150–300 m before the start of the dangerous section of road, and in built-up areas 50–100 m before it.",38.jpg
39,"If a vehicle with its siren and beacons (blue and red) switched on approaches the junction in this situation, the driver of the red car:","Will drive on without giving way to anyone, because the traffic light is green for them.",Must give way to the emergency vehicle.,,,2,2,"Road users must give way immediately to approaching emergency vehicles with blue and red (or only blue) beacons and sirens switched on, and to the vehicles they are escorting.",39.jpg
40,What is the maximum speed allowed beyond this sign at 6 o'clock in the morning?,90 km/h.,70 km/h.,60 km/h.,,2,1,The road sign applies from 21:00 in the evening until 07:00 in the morning (all night). It therefore applies at 6 o'clock in the morning as well.,40.jpg
41,The driver of which vehicle will cross the junction second?,The lorry.,The yellow car.,The red car.,,3,3,"The yellow and the red car, both travelling on the major road, must follow the rules for crossing junctions of equal-priority roads in relation to each other. The yellow car therefore goes first, because the red car has an obstacle on its right (the yellow car). The red car goes next, and finally the lorry.",41.jpg
42,"When the green traffic light comes on, may you make a U-turn?","Yes, if you are in the second lane.",No.,,,1,2,"If the road signs and/or road markings allow it, you may turn left or make a U-turn on a general green traffic light, but only after giving way to oncoming cars and to pedestrians and cyclists crossing the road you are turning into.",42.jpg
43,Which driver has priority?,The driver of the blue car.,The driver of the red car.,,,1,3,"The give-way-to-the-right rule applies here. The red car has an obstacle on its right, so it goes second.",43.jpg
44,The driver of which car will cross the junction last (the white car is turning left)?,The driver of the white car.,The driver of the blue car.,The driver of the green car.,,2,3,"The green and the white car are on the major road of equal priority, so the green car goes first, because the white car has an obstacle on its right (that same green car). The white car goes next, and finally the blue car, because it is on the minor road.",44.jpg
45,Is such an overtaking manoeuvre allowed on this stretch of road?,Yes.,No.,,,2,2,"Because the overtaking manoeuvre is started before the level crossing and takes place on the crossing itself, such overtaking is a breach of the Road Traffic Rules.",45.jpg
46,Which direction indicator will you use when going straight ahead at a junction of equal-priority roads outside a built-up area?,The left indicator.,The right indicator.,I will not use any.,,3,2,"No direction indicator is used when going straight ahead, because the direction of travel is not being changed.",46.jpg
47,What does an area marked with yellow lines at a carriageway intersection mean?,It marks a place you must not drive into if there is an obstruction in it or beyond it.,It marks a pedestrian crossing.,It marks a dangerous section of road.,,1,1,An area marked with yellow lines at a carriageway intersection marks a place you must not drive into if there is an obstruction in it or beyond it that would force the driver to stop at the carriageway intersection and obstruct the movement of other vehicles.,47.jpg
48,Is a person working on the road considered to be a pedestrian?,Yes.,No.,,,2,1,"A person working on the road is a person repairing or maintaining the road or technical traffic control devices, directing and supervising traffic, removing from the road or fencing off a vehicle forced to stop or another obstruction, dealing with the consequences of a road accident or other emergency, carrying out other rescue work, or giving medical assistance to a person injured in a road accident on the road or to another person who needs medical assistance.",48.jpg
49,Novice drivers must mark their car with this distinguishing sign:,At the front only.,At the rear only.,At the front and at the rear.,,2,1,"Novice drivers must display, on the left-hand side of the rear of the car, a white square distinguishing sign with a green border and a green maple leaf in the middle. The side of the square is between 100 mm and 150 mm long and the width of the border is 1/10 of the length of the side.",49.jpg
50,What does this road marking indicate?,"It indicates that you are approaching a ""Stop"" line, when it is used together with the ""Stop"" sign.",It indicates that you are approaching a place where stopping is compulsory.,It indicates a place where you must give way to pedestrians.,,1,1,"The word ""STOP"" indicates that you are approaching marking line 1.11, when that line is used together with the road sign ""Stop"".",50.jpg
51,"When driving in poor visibility, a driver must choose a speed at which the stopping distance is:",Shorter than the length of road that can be seen.,Longer than the length of road that can be seen.,,,1,2,"This makes sure that, on spotting an obstruction, the car will be able to stop safely without going beyond the visible zone.",51.jpg
52,What does this symbol warn about when it lights up on the instrument panel?,A fuse has blown.,The battery is not charging.,A fault in the anti-lock braking system.,,3,2,The ABS (Anti-lock Braking System) symbol lighting up on the instrument panel warns of a fault in the anti-lock braking system. It means the system has detected an error and has switched the ABS function off automatically to avoid the brakes working incorrectly.,52.jpg
53,In which of the following engine states is the battery the only source of energy for the electrical consumers?,When the crankshaft speed is medium or higher.,When the engine is not running.,When the crankshaft speed is low or medium.,,2,3,"The battery is the only source of energy in ACC (accessory) mode, when the engine is not running.",53.jpg
54,Which wheels does the parking brake act on?,The rear wheels only.,The front wheels only.,Both the front and the rear wheels.,The rear or the front wheels.,4,2,"The parking brake acts on the front or the rear wheels, depending on how the car is built. On most cars it acts on the rear wheels, but on some older or special vehicles it may be connected to the front wheels.",54.jpg
55,When entering a roundabout you must always:,Turn right.,Signal a right turn.,Turn left.,,1,1,"When entering a roundabout you must always give way to the drivers already travelling on it. Under the Road Traffic Rules you must not signal when entering a roundabout. You must also keep to the marked lanes, obey the road signs controlling the roundabout (for example ""Give way"") and the traffic lights, and keep to a safe speed.",55.jpg
56,You intend to turn right from an unsurfaced road onto a road with an asphalt surface. What will you do in this situation?,"I will go first, because I have priority.",I will give way to the car coming from the left.,,,2,2,"Under the Road Traffic Rules, when leaving an unsurfaced road (a gravel, field or forest road) for a surfaced road you must give way, stopping if necessary, and let all vehicles crossing your path pass, because in this case the surfaced road counts as the major road compared with the unsurfaced one.",56.jpg
57,Why must you make sure the indicator is switched off after taking a turn?,So as not to dazzle other road users.,So as not to drain the battery.,So as not to damage the indicator switch (relay).,So as not to mislead other road users.,4,1,"After taking a turn you must make sure the indicator is switched off so that you do not mislead other road users and cause dangerous situations. A false signal can make other drivers wrongly believe that you are turning again or stopping, which creates a hazard.",57.jpg
58,Is it allowed to make a U-turn at this junction at 3 p.m.?,Yes.,No.,,,2,2,"At this junction there is a road sign showing that you may go straight ahead or turn left. Below the sign is a plate with the times ""14–17 h"", which means the restriction applies during those hours. Since the sign does not allow a U-turn, you cannot turn round at 3 p.m.",58.jpg
59,Your car has broken down while you were driving on a motorway. You have stopped on the surfaced hard shoulder. Where is the safest place to wait for help?,On the grass verge.,Behind the car.,In the car.,In front of the car.,1,2,"The safest place to wait for help is behind the crash barrier, on the green verge, well away from the carriageway.",59.jpg
60,What does a broken white line along the middle of the road mean?,You must watch out for oncoming vehicles.,It may be crossed only when it is safe to do so.,Do not overtake.,,2,1,A broken white line along the middle of the road marks the lane boundaries for vehicles travelling in the same direction.,60.jpg
61,When may you bring your vehicle to a stop at a carriageway intersection?,When I am waiting for an opportunity to turn left.,When I am turning right onto the major road in heavy traffic.,Never.,,1,2,While waiting to turn left you are allowed to stop in order to let oncoming traffic pass.,61.jpg
62,What does this sign mean?,No entry.,Going straight ahead is prohibited.,Ahead only.,,3,1,The sign means that you must go straight ahead.,62.jpg
63,What is the maximum speed allowed in a built-up area for a lorry with a maximum authorised mass of 3.5 t towing a trailer?,40 km/h,60 km/h,50 km/h,,3,2,"The sign ""Built-up area"" (Tytuvėnai) means that you are entering a built-up area and that the rules for built-up areas start to apply. The maximum speed is 50 km/h.",63.jpg
64,"Having passed the tests at the state enterprise ""Regitra"", you may start driving on your own:",Immediately.,Only once you have received your driving licence.,If you have a copy of the test report.,,2,1,"Even though the tests have been passed, you may drive only once you hold the physical licence, because it has to be produced during a check.",64.jpg
65,Is the driver of a car allowed to stop in the right-hand lane of a road marked with this road sign?,It is allowed.,It is prohibited.,,,2,1,"The sign shows that the right-hand lane is reserved for scheduled public transport (buses). The driver of a car may therefore not stop in it, unless additional signs allow it.",65.jpg
66,Is it allowed to carry people in a towed caravan?,It is allowed.,It is prohibited.,,,2,1,"A towed caravan is not intended for carrying people while on the move, so there must be no passengers in it.",66.jpg
67,What will you do when driving up a steep hill in a car with a manual gearbox?,I will change up to a higher gear.,I will change down to a lower gear.,I will stay in the same gear.,,2,2,"Driving up a steep hill with a manual gearbox calls for a lower gear, because it gives more pulling power and makes it easier for the engine to take the car uphill.",67.jpg
68,A slow-moving vehicle ahead of you is forcing you to reduce your speed considerably. What will you do?,I will flash my headlights to urge them to go faster.,I will drive close behind so that I can overtake as soon as possible.,I will stay behind until an opportunity to overtake safely appears.,,3,2,"Even if a slow-moving vehicle ahead is holding you up, you must not flash your headlights at it or drive too close. You should keep a safe distance and wait for a moment when overtaking is safe and permitted.",68.jpg
69,You are driving on a motorway. When may you use the left-hand lane?,Until I have passed the vehicles travelling more slowly in the right-hand lane.,"I may use it all the time, even if the right-hand lane is free.",,,1,2,On a motorway you should keep as far right as possible; the left-hand lane is for overtaking or passing. Once the manoeuvre is finished you must return to the right-hand lane.,69.jpg
70,During the driving test:,"I will drive very slowly, to impress the examiner.",I will drive the way I usually do.,,,2,1,"During the driving test there is no need to drive unusually slowly on purpose or to try to impress in any other way. What matters is driving calmly and confidently, following the road traffic rules and the way you are used to driving safely.",70.jpg
71,The traffic controller's arms are lowered. The traffic light at the junction is red. Are you allowed to go straight ahead?,It is allowed.,It is prohibited.,,,1,2,"When traffic at a junction is being directed by a traffic controller, their signals take precedence over the traffic lights. If the controller's arms are lowered and they are standing sideways to you, you are allowed to go straight ahead even though the traffic light is red.",71.jpg
72,What does this road sign mean?,End of all previous restrictions.,End of the zone where standing is prohibited.,End of the zone where stopping is prohibited.,End of the major road.,4,1,"A yellow diamond means a major road, and when it is crossed out with diagonal black lines it shows that the major road ends. As you drive on you must watch the other signs carefully and follow the priority rules at junctions.",72.jpg
73,You intend to turn right at the junction. What will you do in this situation?,"I will turn in front of the cyclist, because I have priority.",I will let the cyclist going straight ahead pass and then turn.,,,2,2,When turning right you must give way to a cyclist going straight ahead in the same direction. Only once you have let them pass can you make the turn safely.,73.jpg
74,In what order will the vehicles cross the junction (the white car has a green traffic light)?,"The brown car together with the green one, then the white one.","Green, brown, white.","White, then the brown car together with the green one.",,3,3,"The green traffic light is showing for all three cars. The white car will cross the junction first, because the brown and the green car, turning left, must give way to cars turning right.",74.jpg
75,Holders of a certificate issued by an educational establishment are allowed to ride a bicycle on the road from the age of:,12.,14.,16.,,1,1,"Road Traffic Rules, clause 55. Riding a bicycle on the carriageway is allowed for people aged at least 14, and for people aged at least 12 who have completed the training course set by the Ministry of Education, Science and Sport of the Republic of Lithuania and hold a certificate issued by their school. Under the supervision of an adult, riding a bicycle on the carriageway is allowed from the age of 8. In a residential zone there is no age limit for cyclists.",75.jpg
76,Does the driver of the white car have priority (it is turning left)?,Yes.,No.,,,2,2,"Both cars are on the major road, so between themselves they follow the give-way-to-the-right rule. The blue car has no obstacle on its right, so it goes first. The white car therefore does not have priority in this case.",76.jpg
77,"Which drivers, travelling in the directions of the arrows, must give way to other road users?",The red car.,The black car.,The blue car.,The cyclist.,3,3,"The driver of the blue car is coming out of a car park (yard), so they must give way to all vehicles on the road they are entering.",77.jpg
78,"In what order will the vehicles cross the junction (the black car has amber beacons switched on, the white car is turning left)?","The white and the blue car together, then the black one.","Black, white, blue.","Blue, white, black.","Black, blue, white.",1,3,"The white and the blue car go first, because both are on the major road and their paths do not cross. The black car goes last, because it is coming from the minor road. Amber beacons do not give priority.",78.jpg
79,What does this sign prohibit?,Vehicles standing on even days of the month on the side where this sign is.,Vehicles standing on odd days of the week on the side where this sign is.,,,1,1,"The even days of the month are the 2nd, 4th, 6th, 8th and so on. An even day of the month becomes an odd one at 24:00.",79.jpg
80,Who is allowed to cross a level crossing when its red light is on?,Drivers of emergency vehicles travelling on the road with blue and red (or only blue) beacons and sirens switched on.,Cars with amber beacons switched on.,Road maintenance vehicles.,All vehicles are prohibited from proceeding.,1,1,Emergency service crews decide for themselves when it is safe to cross a level crossing and when it is not.,80.jpg
81,The plate indicates that:,A section marked in this way is often slippery because of ice or snow.,The air temperature on this section is low.,,,1,1,"Road Traffic Rules, Annex 1, plate 848. ""Icy road"". A section marked in this way is often slippery because of ice or snow.",81.jpg
82,Who must give way?,The cyclist.,The driver of the car.,,,1,2,"When approaching a place where the carriageway has to be crossed, a cyclist must in all cases reduce speed and may continue only after making sure that it is safe to do so. In addition, a cyclist wishing to cross the carriageway where traffic is not controlled must give way to vehicles travelling on the carriageway, except when crossing exits from premises beside the road, from a residential zone, a yard or a car park, and when crossing a carriageway into which other drivers are turning.",82.jpg
83,In which cases is it allowed to pass this road sign?,It is not allowed in any case.,"It is allowed if the mass of your vehicle, including the trailer and the load, is not greater than the mass shown on the sign.","It is always allowed, only at a safe speed.",It is allowed if the load on any one axle does not exceed the figure shown on the sign.,2,1,"Road Traffic Rules, Annex 1, sign 314. ""Mass limit"". It is prohibited to drive vehicles, or combinations of vehicles, whose mass with or without a load is greater than the mass shown on the sign.",83.jpg
84,"What is the maximum speed beyond this road sign, on a road with an asphalt surface (not an expressway or a motorway), for a driver with less than 2 years of driving experience?",80 km/h.,70 km/h.,60 km/h.,50 km/h.,1,1,"Road Traffic Rules, clause 131. Outside built-up areas the permitted speeds are:
131.2. category A1, A2, A or B vehicles driven by novice drivers, by learner drivers or by people taking the practical driving test, and buses (including school buses): on motorways no more than 100 km/h, on expressways no more than 90 km/h, on roads with an asphalt or concrete surface no more than 80 km/h, and on other roads no more than 70 km/h;
Law on Road Traffic Safety, Article 2. Main definitions used in this Law:
31. Learner — a person who is learning to drive a vehicle in the prescribed manner.
52. Novice driver — a person who has acquired the right to drive a category A, A1, A2, B or B1 motor vehicle and has less than two years of driving experience.",84.jpg
85,In what order will the cars cross the junction?,"Red, yellow, blue.","The red car together with the blue one, then the yellow one.","Yellow, then the red car together with the blue one.",,3,3,"Road Traffic Rules, clause 154. At a junction of roads of unequal priority, a driver travelling on the minor road must give way to vehicles approaching the junction on the major road.",85.jpg
86,Who has priority at the junction?,The driver of the blue car.,The cyclist.,,,2,2,"At the junction we can see road signs and a traffic light, but under the road traffic rules the traffic light takes precedence over the road signs. The traffic light is showing a green signal allowing movement in the directions indicated. The cyclist therefore follows the traffic light and crosses the junction first. The car is turning left, so it must give way to the cyclist turning right (Road Traffic Rules, clause 157).",86.jpg
87,Is it allowed to make a U-turn in this situation?,Yes.,No.,,,2,2,"After turning round, the car would end up in lane A, where it is not allowed to drive.",87.jpg
88,When does a road sign used together with this supplementary plate apply?,When the road surface is dry.,When the road surface is damp (wet).,,,2,1,"Road Traffic Rules, Annex 1, plate 845 ""Wet surface"". It indicates that the sign the plate is used with applies when the surface of the carriageway is damp (wet).",88.jpg
89,What does a horizontal solid black line mark?,"It marks the side surfaces of barriers on sharp bends, steep descents and other dangerous sections.",It marks signalling devices placed on central reservations or safety islands.,It marks kerbs on dangerous sections and raised safety islands.,It marks the side surfaces of barriers on other sections of road.,4,3,A horizontal solid black line marks the side surfaces of barriers on other sections of road.,89.jpg
90,What do horizontal black and white bands mark?,They mark road structures that are a hazard to moving vehicles.,"They mark the lower edge of the structures of bridges, flyovers and tunnels.",They mark signalling devices placed on central reservations or safety islands.,"They mark marker posts, gates and barrier supports.",3,3,Horizontal black and white bands mark signalling devices placed on central reservations or safety islands.,90.jpg
91,What will you do when you are approaching a bend with limited visibility?,I will drive on without changing speed.,I will ease off the accelerator.,I will brake.,,3,3,"When approaching a bend a driver must allow for the fact that it may be sharper than expected, and must therefore choose a safe speed and a suitable position on the road so as not to run into the oncoming lane. A safe speed depends on all the circumstances: the weather, the condition of the road and of the vehicle, and also the driver's experience and how they feel.",91.jpg
92,What do vertical diagonal black and white bands on road structures mark?,They mark road structures that are a hazard to moving vehicles.,"They mark the lower edge of the structures of bridges, flyovers and tunnels.",They mark signalling devices placed on central reservations or safety islands.,"They mark marker posts, gates and barrier supports.",1,3,"Diagonal black and white bands mark the vertical elements of road structures (bridges, flyover supports, the end sections of barriers and so on) where those elements are a hazard to moving vehicles, and they also mark the supports of direction signs Nos 407–409 on central reservations and at road forks.",92.jpg
93,In which directions is movement allowed?,Movement is prohibited.,Left and U-turn only.,Right only.,In all the directions shown.,1,3,"Traffic controller's arms stretched out to the sides or lowered: from the chest side and the back side, all vehicles and pedestrians are prohibited from moving.",93.jpg
94,Does the pavement form part of the definition of a road?,No.,Yes.,,,2,1,"A road is a strip of the surface of the ground or of a structure that is intended and used for traffic, over its full width, including the carriageway of the road (hereinafter — the carriageway), junctions, pavements, shoulders, footpaths and cycle tracks, and central reservations.",94.jpg
95,Must the driver signal when turning left in this situation?,Yes.,No.,,,1,1,"A driver must give warning with the direction indicators for the appropriate direction, or by hand if there are no indicators or they are out of order: before moving off and before stopping; before changing lanes, before starting and before finishing an overtake, before starting and before finishing passing an obstruction, before turning right or left, before making a U-turn, and when leaving a roundabout.",95.jpg
96,Which vehicle will cross the junction first?,1,2,3,4,3,3,"At a junction of roads of unequal priority, a driver travelling on the minor road must give way to vehicles approaching the junction on the major road. If the direction of the major road changes at the junction, drivers travelling on the major road must follow the rules for crossing junctions of equal-priority roads in relation to each other. Drivers travelling on the minor roads must follow those same rules in relation to each other.

Cars 3 and 4 are on the major road. Car 3 continues along the major road while car 4 wants to leave it, so car 3 crosses the junction first and car 4 gives way to it (obstacle on the right). Car 1 goes next, since it is an obstacle on the right for car 2 — so car 2 goes last.",96.jpg
97,What will you do in this situation?,Reduce your speed to 10 km/h so that the children have time to move away.,Use the horn.,"Stop, switch on the hazard warning lights, and drive on only once the children have left the carriageway.",,3,1,"The horn must not be used, so that the children are not startled and do not end up under the wheels of another car. In such a case you should stop and switch on the hazard warning lights (other drivers will not be able to overtake you, because crossing the solid line is prohibited).",97.jpg
98,"A driver who, when the amber traffic light comes on or the traffic controller raises their arm, could only stop by braking sharply is allowed to:",Turn right only.,Drive on.,Brake sharply in any case.,,2,2,"A driver who, when the amber (or white horizontal bar) traffic light comes on or the traffic controller raises their arm, could stop at the places set out in clause 165 of the Rules only by braking sharply is allowed to drive on.",98.jpg
99,Which lane may moped riders use?,Any free lane.,Only the first lane from the right-hand edge of the carriageway.,Both the first and the second lane from the right-hand edge of the carriageway.,Mopeds are prohibited from using traffic lanes.,2,1,"Riders of mopeds and drivers of light quadricycles must use only the first lane from the right-hand edge of the carriageway, keeping as close as possible to its right-hand edge, except when they need to turn left, make a U-turn, pass an obstruction, go straight ahead where the first lane allows only a right turn, or stop or stand on a one-way road.",99.jpg
100,Is a pedestrian allowed to cross a road with a central reservation?,Yes.,No.,,,2,1,"Pedestrians are prohibited from crossing the carriageway at places where there are vehicle or pedestrian barriers and, in built-up areas, also where there is a central reservation (except at pedestrian crossings and junctions).",100.jpg
101,May you drive on if the coupling device between the vehicle and the trailer has failed?,Yes.,No.,,,2,1,"It is prohibited to drive a motor vehicle, a tractor or a self-propelled machine if: the service brake does not work (the driver cannot stop the vehicle with it); the steering mechanism does not work (the driver cannot control the vehicle with it); the coupling device between the vehicle and the trailer is faulty; the windscreen wiper on the driver's side does not work in rain, snow or fog; in the dark or in poor visibility no front left lamp (dipped beam or fog lamp) is lit, or, if at least one rear side light has failed, the hazard warning lights do not work (are not switched on) or no warning triangle is fixed to the rear of the vehicle.",101.jpg
102,Must a vehicle being used for work on the road switch on its amber beacons if it is not obstructing traffic?,No.,Yes.,,,1,1,"A vehicle's amber beacon must be switched on when traffic is being obstructed (because the vehicle, with or without a load, is larger than permitted, when working on the road, when stopped or standing, when moving slowly, when escorting an organised group of cyclists, or when carrying dangerous goods). A lit amber beacon does not give priority; it only draws attention and warns other road users of a possible hazard. Drivers of vehicles with amber beacons switched on must make sure, while driving, standing and/or carrying out work, that this does not endanger road safety.

When road infrastructure or environmental maintenance work is being carried out on a contractual basis and under the conditions set by the road owner, a vehicle with an amber beacon switched on that is needed to carry out the work at that place may drive on grass verges, pavements, footpaths and/or cycle tracks, cycle lanes, central reservations, embankment or cutting slopes and ditches, and may also stop or stand in those places.",102.jpg
103,The traffic light or the traffic controller's signals prohibit crossing the pedestrian crossing. Where must you stop?,No closer than 3 metres before the crossing.,No closer than 5 metres before the crossing.,"Before the ""Stop"" sign or the stop line, or the traffic light, and if there are none — before the controlled pedestrian crossing.",,3,1,"If the traffic light or the traffic controller's signals prohibit movement, the driver must stop before the ""Stop line"" road sign and/or the ""Stop"" line, or the traffic light, and if there are none — before the controlled pedestrian crossing. Drivers who, when the amber (or white horizontal bar) traffic light comes on or the traffic controller raises their arm, could stop at those places only by braking sharply are allowed to drive on.",103.jpg
104,Does incorrect wheel alignment increase fuel consumption?,Yes.,No.,,,1,2,"Incorrect wheel alignment increases rolling resistance, and fuel consumption therefore rises.",104.jpg
105,Which road sign means a vehicle repair workshop?,1,2,3,4,4,1,"1. Mandatory road sign. Stop (a stopping place for scheduled public transport).

2. Service road sign. Rural tourism homestead.

3. Service road sign. Bus station (a place for serving passengers travelling on scheduled local, long-distance and international routes).

4. Service road sign. Workshop (a vehicle repair workshop).",105.jpg
106,A tyre is marked 195/55 R15. What does the number 15 indicate?,The width of the tyre.,The ratio of the tyre's height to its width.,The diameter of the rim.,The tyre's permitted load index.,3,2,"""R"" means that the tyre is radial (in practice cross-ply tyres are sometimes used as well; radial tyres differ from cross-ply ones in their construction and radial tyres are the better ones. Modern cars use radial tyres. Cross-ply tyres are used on slow-moving vehicles such as agricultural machinery and special vehicles). ""195"" is the width of the tyre and ""55"" is its height.

""15"" means that the diameter of the tyre is 15 inches (the wheel diameter of cars can be from 12 to 17 inches, while the wheels of heavier vehicles reach 25 inches or more).

""M+S"" means that the tyre can also be used in winter.

""TUBELESS"" means that the tyre has no inner tube (because of the way it is built, the tyre fits tightly against the rim and holds the air inside itself. In tyres with a tube, an inner tube is fitted inside the tyre and is filled with air, giving the tyre its proper shape).",106.jpg
107,Why is it dangerous to drive fast on an asphalt road in heavy rain?,The windscreen wipers will fail.,Water will get onto the engine and it will cut out.,Aquaplaning (a wedge of water) may occur and the car will become uncontrollable.,,3,2,"It is dangerous to drive at high speed on an asphalt road in heavy rain, because a wedge of water (aquaplaning) forms under the car's wheels and the car becomes hard to control. The wedge of water is a thin gap of water between the carriageway and the tyre. It forms because of high speed and worn tyre tread.",107.jpg
108,What must the driver on whose side the obstruction lies do if it is difficult to pass an oncoming vehicle?,They must give way to the oncoming vehicle.,"Speed up and pass the obstruction, because they have priority.",,,1,1,"If it is difficult to pass an oncoming vehicle, the driver on whose side the obstruction lies must give way.",108.jpg
109,Are pedestrians allowed to walk along the edge of the carriageway?,"It is allowed in two rows, facing the direction of traffic.","It is allowed, if there is no pavement, footpath or shoulder or they cannot be used, in single file facing the direction of traffic.",It is prohibited.,"It is allowed, if there is no pavement, footpath or shoulder or they cannot be used, in single file in the same direction as the traffic.",2,2,"Pedestrians must use pavements, footpaths, or shared footpaths and cycle tracks (on the side intended for pedestrians), and where there are none — the shoulder. If there is no pavement, footpath, shared footpath and cycle track or shoulder, or they cannot be used, walking in single file along the edge of the carriageway is allowed. Pedestrians moving along the shoulder or the edge of the carriageway, and those using roller skates, skateboards or non-powered scooters on the shoulder, must move facing the direction of traffic.",109.jpg
110,How must a load be marked if it projects 0.2 m beyond the sides of the vehicle?,With squares carrying alternating reflective diagonal white and red stripes.,With brightly coloured flags.,No marking is needed.,With squares carrying alternating reflective diagonal white and orange stripes.,1,2,"If a load projects more than 1 m beyond the vehicle at the front or the rear, or if its side edge projects at all beyond the side of the vehicle, it must be marked as set out in Annex 4 to the Rules.

The outermost points of a load projecting more than 1 m beyond the vehicle at the front or the rear, or projecting at all to the side, and the outer points of vehicles wider than 2.6 m, must be marked with distinguishing signs — squares with 400 mm sides carrying alternating reflective diagonal white and red stripes 50 mm wide. These signs must be fixed to the vehicle no lower than 0.4 m and no higher than 1.6 m above the ground. In the dark or in poor visibility, lamps must be lit at those points on the vehicle — white at the front, amber at the sides and red at the rear.",110.jpg
111,What is the best way to brake on a slippery road?,"Brake in pulses, with frequent presses of the service brake, without locking the wheels and without disengaging the clutch and the gear.",Disengage the gear and brake with the parking (hand) brake.,,,1,2,"A car is more stable when it is driven in gear, because this allows the engine's torque to be controlled more effectively. When the engine is running it passes turning force through the gearbox, which changes the speed and the torque. In gear, the engine works at a steady torque, which makes it easier to control the car's stability and its driving force. Using the gears effectively also reduces the risk of skidding, especially in difficult weather or when you need to stop quickly. It is therefore recommended to drive in gear and to use the gear change properly, so that driving stays safe and predictable.

With the clutch and the gear still engaged the car is more stable, because the driven wheels meet resistance from the engine and so help to brake and steady the car.

When braking with intermittent presses of the brake pedal the car does not lose grip on the road surface and stays more stable than when the wheels are locked completely, because then the wheels start to slide and the car becomes uncontrollable.",111.jpg
112,"On which side of the carriageway may people on roller skates, skateboards or non-powered scooters travel?",Along the edge of the carriageway in the direction of traffic.,Along the edge of the carriageway facing the direction of traffic.,"It is prohibited, except in residential zones.",,3,1,"Pedestrians are prohibited from using roller skates, skateboards or non-powered scooters on the carriageway, except in a residential zone.",112.jpg
113,Traffic in the picture is controlled by traffic lights. The pedestrian must:,Carry on across the road.,Wait on the safety island until the traffic light allows them to continue.,Turn round and go back.,,2,1,Pedestrians must not linger or stand about on the carriageway. Those who have not managed to cross the carriageway must wait on a safety island or on the marked or imaginary line separating the traffic flows of opposing directions. They may finish crossing the carriageway only after making sure that it is safe to do so.,113.jpg
114,When must a cyclist crossing the point where a cycle track meets a road give way to other vehicles?,In all cases.,"They do not have to give way, because they have priority.",Where the cycle track meets the road away from a junction and traffic is not controlled.,When a vehicle is approaching from the right.,3,2,"A cyclist intending to cross the carriageway where traffic is not controlled, or where there are no road signs establishing priority, must give way to vehicles travelling on the carriageway, except when crossing exits from premises beside the road, from a residential zone, a yard or a car park, and when crossing a carriageway into which other drivers are turning.",114.jpg
115,At what distance before the start of their zone of validity are the road signs shown placed in a built-up area?,50–100 m.,100–150 m.,150–200 m.,150–300 m.,1,1,"The dangerous section of road marked by warning signs Nos 101–137, 150 and 151 starts 50–100 m beyond the place where the warning sign is installed in a built-up area, and 150–300 m beyond it outside a built-up area. If those warning signs are installed together with the supplementary plate ""Distance to object"", the dangerous section starts at the distance given on that plate. If they are installed together with the supplementary plate ""Zone of validity ahead"", that plate indicates the length of the dangerous section, which starts 50–100 m beyond the warning sign in built-up areas and 150–300 m beyond it outside built-up areas.",115.jpg
116,At what distance from a bus stop is it prohibited to leave a motor vehicle standing if it obstructs scheduled public transport?,10 m.,15 m.,20 m.,23 m.,1,1,"Stopping and standing are prohibited in the stopping bays of scheduled public transport and closer than 15 m to them (where there is no bay — closer than 15 m to the ""Stop"" road sign), if this would obstruct the movement of scheduled public transport; standing is prohibited within the zone of validity of the ""Taxi rank"" road sign.",116.jpg
117,Is it allowed to cross the solid road marking line in this situation?,Yes.,No.,,,1,1,"If the requirements of a road sign and of the road markings differ, the road sign must be followed. In this case, following the road sign, the obstruction must be passed on the left, even though the narrow solid white line says otherwise.

A narrow solid line separates traffic flows of opposing directions and prohibits driving in the oncoming lane on the marked section of road; it marks the edges of lanes, sections of the carriageway that must not be entered, the boundaries of parking spaces and the edge of the carriageway; where road sign No 413 ""Footpath and cycle track"" is used, it separates the part of the track intended for cyclists from the part intended for pedestrians. Crossing this line is prohibited, except where it marks the edge of the carriageway or a parking space.",117.jpg
118,Must a driver wear a seat belt when reversing in a built-up area?,Yes.,No.,,,2,1,In built-up areas a driver is allowed not to wear a seat belt when reversing or in car parks.,118.jpg
119,When does the centrifugal force decrease in a turn?,When the speed is increased.,When the speed is reduced.,When the radius of the turn is reduced.,,2,2,The centrifugal force acting on a car is greater in a sharp turn. In a sharp turn the centrifugal force will be smaller if the turn is taken slowly.,119.jpg
120,"If the speed increases from 15 km/h to 45 km/h, the braking distance increases:",Three times.,Six times.,Nine times.,Twelve times.,3,2,"The higher the speed, the longer the braking distance (the relationship is a square one): that is, if you double the speed, the braking distance becomes four times longer.",120.jpg
121,Which driver is breaking the Road Traffic Rules in the situation shown (the yellow and the black car are on a two-way road)?,The driver of the black car.,The driver of the yellow car.,The driver of the blue car.,,2,3,Overtaking at junctions is prohibited.,121.jpg
122,A lorry with a maximum authorised mass of 3 t is allowed to go:,Left only.,In all directions.,Left and make a U-turn.,,3,1,Lorries of up to 3.5 tonnes are treated as cars (category B).,122.jpg
123,What should you do if the right-hand wheels of the car drift off the asphalt onto a gravel shoulder?,"Without braking, steer the car back onto the carriageway by turning the steering wheel slowly to the left.","Braking sharply, steer the car back onto the carriageway.",Stop and then move off again.,,1,2,"In this case the car can be brought back onto the carriageway safely without braking, by turning the steering wheel slowly to the left. If you tried to bring the car back onto the carriageway without braking but by turning the steering wheel sharply to the left, the increased centrifugal force could make the car skid or roll over. Braking sharply in this situation could take the car off its path, because during braking the grip of the right-hand wheels on the shoulder would be much lower than the grip of the left-hand wheels on the asphalt.",123.jpg
124,Is it allowed to stop on the shoulder at this spot?,It is allowed.,It is prohibited.,,,1,2,"A sign prohibiting stopping and standing applies only as far as the end of the built-up area. In this situation, therefore, the car is allowed to stand like this.",124.jpg
125,Which driver has priority? The driver of the blue car is making a U-turn at the junction.,The driver of the yellow car.,The driver of the blue car.,,,1,3,"In this case the drivers of the blue and the yellow car are in an equal position, because they are at a junction of equal-priority roads. The blue car is making a U-turn at the junction, so before it finishes turning round an obstacle appears on its right — the yellow car — and the blue car must therefore give way to the yellow one.",125.jpg
126,"Who is allowed to stop beyond these road signs in the situation shown (the lane is marked with the letter ""A"")?",Bicycles and mopeds.,Motorcycles without a sidecar.,Scheduled public transport.,,3,1,"Scheduled public transport is allowed to stop, but not to stand. Other vehicles may not stop beyond the signs, because they are prohibited from entering the lane for scheduled public transport marked with the letter A, unless they are about to turn right.",126.jpg
127,In which directions is a car allowed to go in the situation shown?,Straight ahead.,To the left.,Driving on is prohibited.,,1,2,The sign with its supplementary plate shows that motor vehicles are prohibited from using the street to the left. A car may therefore go straight ahead.,127.jpg
128,Is it allowed to carry people in a car that is being towed?,No.,Yes.,,,1,1,"Carrying people in a car that is being towed is prohibited. Only a vehicle without passengers may be towed (except the driver, if that is needed to control the vehicle).",128.jpg
129,The road sign indicates:,Cars are prohibited.,The end of the expressway.,,,2,1,"Road Traffic Rules, Annex 1, sign 556. Road sign ""End of road for motor vehicles"". The end of the road on which the traffic rules laid down for expressways apply.",129.jpg
130,Is it allowed to drive through a lit tunnel during the day with only the daytime running lights switched on?,It is allowed.,It is prohibited.,,,2,1,"Driving through a tunnel, even a lit one, counts as driving in poor visibility. You must therefore switch on the dipped beam headlights in a tunnel; daytime running lights are not enough. Daytime running lights (for example the LEDs on modern cars) and dipped beam headlights are not the same thing.",130.jpg
131,Does a road marking that allows a left turn from the far left lane also allow a U-turn?,"Yes, it does.","No, it does not.","Yes, but only on working days.",The Road Traffic Rules do not define this.,1,1,"Road markings:
1.16. Arrows show the directions of travel permitted in a lane. A dead-end symbol warns that turning into the nearest carriageway is prohibited. A marking that allows a left turn from the far left lane also allows a U-turn.",131.jpg
132,What does this road sign mean?,Speed limit zone.,Low emission zone.,Parking zone.,,2,1,"Road sign 561 — ""Low emission zone"". An area of a city, established by the municipal council, in which on all roads beyond the sign the movement of motor vehicles, tractors and self-propelled machines is restricted or completely prohibited, except for zero-emission vehicles.",132.jpg
133,What does the road sign shown prohibit?,Driving more slowly than the speed shown.,Driving faster than the speed shown.,"Driving faster than the speed shown, except for scheduled public transport.",,1,1,"Road Traffic Rules, Annex 1, sign 329. Road sign ""Speed limit"". It is prohibited to drive faster (in km/h) than shown on the sign.",133.jpg
134,This road sign indicates:,The direction of travel on roads where roadworks are being carried out.,The number of lanes and the directions of travel in each lane.,,,1,1,The number of arrows drawn on this sign does not depend on the number of traffic lanes.,134.jpg
135,In what order will the cars cross the junction?,"Red, green, blue.","Green, blue, red.","Green, red, blue.","Blue, red, green.",3,3,"At this junction of equal-priority roads the green car goes first, because it has no obstacle on its right. Once it has passed, the red car no longer has an obstacle on its right and so goes second. The blue car crosses the junction last, because it had an obstacle on its right — the red car.",135.jpg
136,Which car has stopped correctly on this two-way road while waiting for the green traffic light?,The green car.,The red car.,Both cars have stopped incorrectly.,,3,2,"The green car did not stop before the ""Stop"" line, and the white car is turning from the wrong lane (it is driving against the traffic).",136.jpg
137,"Is it allowed to go straight ahead (there is a ""250 m"" plate under the sign)?",Yes.,No.,,,1,2,"These road signs show that entry is prohibited 250 m further on, but that you may drive on for another 250 m.",137.jpg
138,Where must you stop?,Before the sign (at point C).,At the edge of the junction (at point B).,Before the edge of the carriageway you are crossing (at point A).,,1,1,"Road Traffic Rules, Annex 1, sign 204. Road sign ""Stop"". It is prohibited to proceed without stopping before the ""Stop"" line, or, if there is none, before the road sign.",138.jpg
139,What is marked by this distinguishing sign?,A school vehicle carrying children.,"A motor vehicle, or a combination of vehicles, used for driving instruction.",A car with studded tyres.,A car driven by a deaf person.,2,1,"Distinguishing sign 10. The front and the rear of motor vehicles and of combinations of vehicles with trailers used for driving instruction must be marked with a white equilateral triangle with a red border and a black letter ""M"" in the middle. The side of the triangle is 200–300 mm long and the width of the border is 1/10 of the length of the side.",139.jpg
140,In what order will the vehicles cross the junction if the police car has its beacons and siren switched on?,"Police car, motorcycle, yellow car.","Police car, yellow car, motorcycle.","Yellow car, police car, motorcycle.","Motorcycle, yellow car, police car.",2,3,"Road Traffic Rules, clause 154. At a junction of roads of unequal priority, a driver travelling on the minor road must give way to vehicles approaching the junction on the major road.
Road Traffic Rules, clause 12. Road users must give way immediately to approaching emergency vehicles with blue and red (or only blue) beacons and sirens switched on, and to the vehicles they are escorting. Way is given to such vehicles and an emergency corridor is formed as follows:
12.1. on a road with one lane in each direction, drivers must stop on the right-hand shoulder or, where there is none, at the right-hand edge of the carriageway;
12.2. on a road with two or more lanes in one direction, drivers moving in that direction in the far left lane must move as far left as possible, right up to the corresponding edge of the carriageway used for that direction, and stop, while drivers moving in the same direction in the other lanes to the right of the far left lane must move as far right as possible, towards the right-hand edge of the carriageway or the shoulder, and stop;
12.3. on a road with a central reservation, the requirements of clauses 12.1 and 12.2 of the Rules must be followed only by drivers moving in the same direction.",140.jpg
141,Do you have priority?,Yes.,No.,,,1,1,"Road Traffic Rules, Annex 1, sign 206. ""Priority over oncoming traffic"". A narrow section of road on which the driver travelling through it has priority over approaching oncoming traffic.",141.jpg
142,"In this situation at 10 o'clock in the morning you, in the red car, may:",Turn right.,Make a U-turn.,Go straight ahead.,Go straight ahead and turn left.,3,2,"The driver may not turn left or make a U-turn, because at 10 o'clock the sign prohibiting the turn applies. Turning right is not allowed either, because the car is in the second lane of the carriageway. To turn right it would have to move into the first lane. Only going straight ahead is left.",142.jpg
143,The sign indicates:,A pedestrian crossing.,Pedestrians are prohibited from walking on the side of the road where the sign is placed.,Only pedestrians may pass.,,2,1,"Road Traffic Rules, Annex 1, sign 310 ""No pedestrians"". Pedestrians are prohibited from walking on the side of the road where the sign is placed.",143.jpg
144,Which car will cross the junction third?,The green car.,The blue car.,The cherry-red car.,The red car.,2,3,"The cherry-red car goes first, because it is on the major road. The green car goes second: it will stop in the middle of the junction and move off only after letting the cherry-red car pass. The blue car then goes third (having let the cherry-red car pass), and finally the red car, because when turning left it must give way to vehicles coming from the opposite direction that are going straight ahead or turning right (the blue car).",144.jpg
145,Is the cyclist allowed to go straight ahead through the junction?,It is prohibited.,"It is allowed, after letting the car pass.",,,2,2,"The cyclist must give way, because the traffic light is red for them. A green arrow in an additional traffic light section allows movement only when there is nothing in the way. Where there is no shoulder, a cyclist is allowed to ride in the far right lane of the carriageway, keeping as close as possible to its right-hand edge.",145.jpg
146,"Which road sign has the meaning ""Vehicle ferry, port or landing stage""?",1,2,3,,1,1,"Road sign 732. ""Vehicle ferry, port or landing stage"". A floating bridge or a vessel used to carry vehicles across a sea, lake, river or other body of water. This sign may also mark a port or a landing stage.",146.jpg
147,In which case is it allowed to pass this road sign if your vehicle is higher than the height shown on it?,If you drive at a safe speed.,It is allowed only with a special permit.,It is not allowed in any case.,,3,1,"Getting a special permit does not make the vehicle smaller, nor does it make the obstacle higher. A safe speed will not get you past the obstacle either. If your vehicle is higher than the height shown on the sign, you may not proceed.",147.jpg
148,In what order should this junction be crossed?,"1, 2, 3.","3, 2, 1.","2, 1, 3.","1, 3, 2.",1,3,"Car No 1 crosses the junction first, because it is travelling on the major road and its path stays on the major road. Car No 2 goes second, because it is also leaving the major road. Vehicle No 3 must give way to both cars, because the road sign ""Give way"" applies to it and it is on the minor road: the driver must give way to vehicles travelling on the crossing or joining road and, where the supplementary plate No 843 ""Direction of the major road"" is used, to vehicles travelling on the major road.",148.jpg
149,Beyond the road sign shown:,Driving no faster than 70 km/h is allowed.,Driving no slower than 70 km/h is allowed.,The minimum speed restriction has ended.,,3,1,"Road Traffic Rules, Annex 1, sign 415. Road sign ""End of minimum speed limit"".",149.jpg
150,Which road sign prohibits a vehicle from standing on working days only?,No 1 and No 5,No 2,No 3,No 4,4,1,"1. Road sign 333 — No standing.
2. Road sign 334 — No standing on odd days.
3. Road sign 335 — No standing on even days.
4. Road sign 333 — No standing, together with plate 823 — Working days.
5. Road sign 333 — No standing, together with plate 822 — Non-working days.",150.jpg
151,Overtaking is prohibited:,Only for cars.,"For all vehicles, of all vehicles, except single vehicles travelling at less than 30 km/h.",Only of cars and lorries with a maximum authorised mass below 3.5 tonnes.,,2,1,"Road Traffic Rules, Annex 1, sign 325 ""No overtaking"". It is prohibited to overtake moving vehicles, except single vehicles (or single combinations of vehicles) travelling at less than 30 km/h.",151.jpg
152,May you turn into the road on the right after seeing this road sign?,Yes.,No.,,,1,1,"This sign shows the direction of the major road at a place with limited visibility, but it does not prohibit turning the other way if there is a road there.",152.jpg
153,Which vehicles are allowed to stand in the parking space marked by this road sign?,"Vehicles marked with the ""Disabled person"" distinguishing sign.",Only vehicles with special permits.,Vehicles serving premises in the area.,Scheduled public transport.,2,1,"Road Traffic Rules, Annex 1, sign 531. ""Reserved parking space"". A parking space where vehicles may stand only with special permits. Permits that are not electronic are displayed behind the windscreen.",153.jpg
154,Is it allowed to turn left in this situation if you are driving a car with a trailer?,Yes.,No.,,,2,1,"Road Traffic Rules, Annex 1, sign 307. No vehicles with trailers (it is prohibited to drive cars, tractors and self-propelled machines with trailers).",154.jpg
155,The driver of a car is reversing. Who has priority in this situation?,The pedestrian.,The driver of the car.,,,1,1,"In this situation it does not matter that the person is not using a crossing and is therefore breaking the rules. When reversing, the driver must give way to all other road users, even those who are breaking the rules.",155.jpg
156,What do these road signs indicate?,You are approaching on a minor road a junction beyond which the one-way street ends.,You are approaching on a minor road a junction beyond which a one-way street begins.,,,1,1,"Road Traffic Rules clauses:
Road Traffic Rules, Annex 1, sign 203. ""Give way"". The driver must give way to vehicles travelling on the crossing road.
Road Traffic Rules, Annex 1, sign 504. ""End of one-way street"".",156.jpg
157,Which vehicle is breaking the rules?,The driver of the first car.,The driver of the second car.,Both cars are standing correctly.,Both cars are standing incorrectly.,2,2,"When stopping or standing beside a solid line, at least 3 m must be left up to that line. Car 2 has left only 2.5 m and is therefore breaking the rules. Car 1 has left 2 m up to the edge of the carriageway, so it is not breaking the rules.",157.jpg
158,What path does a trailer follow when a bus goes round a bend?,It moves towards the outside of the bend.,It follows the same path as the bus.,It moves towards the inside of the bend.,It moves towards the inside of the bend only at high speed.,3,2,"When going round a bend, the trailer's wheels always follow a smaller radius than the bus's wheels. You can see this from the tracks left by the wheels of the bus and the trailer when going round a bend on a carriageway that is covered in snow or is wet.",158.jpg
159,What should you do in this situation?,Reduce speed and let the bus driver complete the manoeuvre.,The bus driver is prohibited from entering the oncoming lane.,Pass the bus by driving on the pavement.,,1,1,"Road Traffic Rules, clause 107. Where, because of its size or for other reasons, a vehicle cannot turn (or turn round) from the outermost position, turning is also allowed from a position other than the corresponding edge of the carriageway used for that direction, provided that this will not obstruct other vehicles and will not endanger other road users.
Road Traffic Rules, clause 125. Vehicles (except bicycles and electric micromobility vehicles) are prohibited from passing vehicles travelling in the same direction on their right (except for the permitted passing on the right of vehicles that are turning left or making a U-turn) while driving on the shoulder or in a deceleration or acceleration lane. Slower vehicles travelling in the same direction should be passed on the left.",159.jpg
160,Which road sign prohibits turning left (if you are not driving scheduled public transport)?,No 1.,No 2.,No 3.,No 4.,2,1,"Road Traffic Rules, Annex 1, sign 527. Road sign ""Turning place"". A place for turning round away from a junction.
Road Traffic Rules, Annex 1, sign 404. Road sign ""Ahead or right only"". Movement is allowed only in the directions of the arrows. The sign applies at the carriageway intersection before which it is placed. Its requirements do not apply to scheduled public transport.
Road Traffic Rules, Annex 1, sign 324. Road sign ""No U-turns"". It does not apply to scheduled public transport and does not prohibit turning left.
Road Traffic Rules, Annex 1, sign 146. Road sign ""Direction of bend to the right"". The direction of travel on a bend of small radius with limited visibility, at a narrowing of the road, or at a place where the road is being repaired or built.",160.jpg
161,What does this road sign indicate?,"An additional lane, or the start of a deceleration lane.",The directions of traffic at a junction.,A road with two lanes.,,1,1,"Road Traffic Rules, Annex 1, sign 513. Road sign ""Lane begins on the right"". An additional lane, or the start of a deceleration lane. Vehicles leaving the road must move into the deceleration lane; vehicles going uphill that cannot travel faster than those behind them must move into the additional lane.",161.jpg
162,In a built-up area a driver will not breach the requirement of this sign by driving:,At 50 km/h as far as the nearest junction.,At 50 km/h beyond the nearest junction.,At no more than 40 km/h both as far as the nearest junction and beyond it.,,3,1,"This is because the sign applies not just as far as the first junction, but throughout the area beyond it until there are road signs cancelling the restriction.",162.jpg
163,What is the name of the road sign shown?,Junction with a major road.,Give way.,Junction with a minor road.,,2,1,"Road Traffic Rules, Annex 1, sign 203. Give way (the driver must give way to vehicles travelling on the crossing or joining road and, where the supplementary plate No 843 ""Direction of the major road"" is used, to vehicles travelling on the major road).",163.jpg
164,"Which car will cross the junction first (the traffic light next to the green car has an additional plate with a green arrow to the right that is not lit, and the red light is showing)?",The green car.,The blue car.,,,2,2,"Explanation:
The driver of the blue car has priority, because they are moving on a permitting signal from the additional traffic light section. The driver of the green car must give way to the blue car, because they are moving under the additional plate with the green arrow and have no priority.",164.jpg
165,"The vehicle ahead of you is signalling a right turn as it approaches a junction with a minor road, but it does not turn. What will you do?",Start to overtake.,Pass it on the left.,Pass it on the right.,Slow down and carry on behind the car.,4,1,"Road Traffic Rules, clause 4. The behaviour of road users is based on mutual respect and caution.
Road Traffic Rules, clause 9. Road users must take all necessary precautions, must not endanger the safety of other road users, of other people or of their property or the environment, must not obstruct their movement, and, in order to avoid or reduce harmful consequences, must take all necessary measures, except where this would endanger their own life or health or that of others, or where such measures would cause even more harm than could be avoided.",165.jpg
166,"While driving, two of your wheels have gone onto the shoulder. What should you do?","Without braking, turn the steering wheel sharply and return to the carriageway.","Reduce speed gently and turn the steering wheel slowly, bringing the car back onto the carriageway.",Stop and then move off again.,,2,1,"In such a case the car should be brought back onto the carriageway calmly, without braking and by turning the steering wheel slowly. Turning the wheel sharply can be dangerous, because the increased sideways force may make the car start to skid or even roll over. You should also avoid braking sharply, because the wheels on the gravel grip the road less well than the wheels on the asphalt. Because of this difference in grip the car may become unstable and leave its path.",166.jpg
167,What will you do if the road signs contradict the road marking lines?,I will follow the road signs.,I will follow the road marking lines.,,,2,2,"Road Traffic Rules, clause 8. Traffic on roads in the Republic of Lithuania may be restricted only by the road signs listed in Annex 1 to the Rules, by variable message road signs, examples of which are given in Annex 2 to the Rules, by the road markings given in Annex 3 to the Rules, and by traffic lights and traffic controllers' signals as set out in the Rules and in other legislation in force in the Republic of Lithuania relating to traffic control. If the requirements of a road sign and of the road markings differ, the road sign must be followed. Where variable message road signs are installed on the road, those signs are followed. A traffic controller's instructions take precedence over traffic light signals, road signs and road markings, and over the requirements of the Rules. Road users must follow the road signs intended for them.",167.jpg
168,You are driving at the maximum permitted speed. A vehicle is approaching quickly from behind and its driver is flashing the headlights. What will you do?,Keep the same speed and not let them overtake.,Tap the brake pedal so that the brake lights come on.,Increase speed so that the gap between the cars grows.,Not obstruct the approaching vehicle from overtaking.,4,2,It does not matter that the other car will exceed the speed limit while overtaking and will therefore break the rules. You must not create a hazard and must let the overtaking car pass.,168.jpg
169,"What will you do in this situation? The car ahead is at a safe distance, is turning into the deceleration lane and is already on that lane's line. You are travelling at 70 km/h. The permitted speed is 70 km/h.",Brake.,Increase speed.,Ease off the accelerator.,Keep the same speed.,4,2,"If the car ahead is at a safe distance and is already on the line of the deceleration lane, you should do the following:
Keep watching the situation: check that the car ahead really is entering the deceleration lane and is carrying on with its manoeuvre safely.
Keep your speed: since you are travelling at the permitted 70 km/h and the car ahead is already leaving the main traffic lane, there is no need to change your speed.",169.jpg
170,What will you do if pedestrians crossing the road are paying no attention to what is going on around them?,Brake.,Ease off the accelerator.,Drive on without changing speed.,,1,1,"Explanation of the terms:
Braking is when you press the brake, the car slows quickly and stops before the expected obstruction.
Easing off the accelerator is when you take your foot off the throttle, the car slows down gradually by itself but does not stop before the expected obstruction and keeps moving.
Driving on without changing speed is when you press the throttle just as much as before and the car rolls on at the same speed.",170.jpg
171,You are driving a car with a trailer. What must you allow for when going downhill?,The trailer will help to stop the car more quickly.,The braking distance will get shorter.,The braking distance will get longer.,The braking distance will not change.,3,1,"The braking distance gets longer, because the weight of the trailer pushes the car forwards as you go downhill. Going uphill, the braking distance gets shorter, because the weight of the trailer pulls the car back.",171.jpg
172,What will you do if there are elderly people or other vulnerable road users beside the road?,"Judge the danger and react — brake, or move smoothly to another part of the road.",Flash the headlights.,Drive on without changing speed.,,1,1,"Road Traffic Rules, clause 9. Road users must take all necessary precautions, must not endanger the safety of other road users, of other people or of their property or the environment, must not obstruct their movement, and, in order to avoid or reduce harmful consequences, must take all necessary measures, except where this would endanger their own life or health or that of others, or where such measures would cause even more harm than could be avoided.
Road Traffic Rules, clause 128. If an obstruction appears or road safety is threatened, the driver (if they are able to notice it) must reduce speed, even bring the vehicle to a complete stop, or pass the obstruction without endangering other road users.",172.jpg
173,"Leaving a diesel car standing in gear on a downhill slope is dangerous, because:",The gear change mechanism may be damaged.,The engine of an older model of car may start by itself.,It is not dangerous.,,2,3,Older diesel engines can start by themselves when the car rolls downhill in gear.,173.jpg
174,What must you do to park a car with an automatic gearbox on a slope?,Apply the parking brake and only then move the selector into position P.,Move the selector into position P and then apply the parking brake.,The parking brake does not have to be applied.,,1,3,"When the parking place is on a slope, you must apply the parking brake and only then select the parking position (P) of the automatic gearbox, so that the car does not roll.",174.jpg
175,Is it allowed to drive on winter tyres during the summer season?,"It is allowed, but they must not be studded.",It is prohibited.,,,1,2,"Because the Road Traffic Rules prohibit the use of vehicles with studded tyres only between 10 April and 31 October, cars with non-studded winter tyres may be used.",175.jpg
176,You have stopped on an uphill slope because of a traffic jam. What is the best way to hold the car in place?,By leaving it in gear with the engine switched off.,With the parking brake.,By engaging a low gear and slipping the clutch.,With the service brake.,2,2,"When you stop on an uphill slope because of a traffic jam, the car must be held reliably in place so that it does not roll back. Under clause 3.7.6 of the description of the criteria for assessing motor vehicle handling skills and abilities, the parking brake is used when:
the vehicle has been stopped and the driver does not intend to move off straight away (for example, waiting in a jam);
it is necessary to make sure that it does not move while standing on a slope.
Holding the service brake down for a long time is awkward and can be dangerous (for example, a foot slipping could let the car roll away). The safest and most correct thing is therefore to apply the parking brake.",176.jpg
177,Is it allowed to drive in the dark with only the side lights switched on?,"Yes, if I am driving in a built-up area.","Yes, if the road is visible for at least 50 m.",It is prohibited.,,3,1,"Road Traffic Rules, clause 94. In the dark or in poor visibility, drivers of motor vehicles, tractors and self-propelled machines must drive on roads with the dipped beam or the main beam headlights switched on.",177.jpg
178,What can make the windows inside the car mist up?,Moisture left after washing the car.,Too high a level of coolant.,Too many people in the car.,An incorrectly chosen heating and ventilation setting.,4,2,"The windows inside a car usually start to mist up when damp air builds up inside and condenses on the colder surface of the glass. This most often happens because of an incorrectly chosen heating and ventilation setting, when the air inside is not ventilated enough or the screen demister is not switched on. With the heating and ventilation set properly (for example, with the airflow directed at the windows and the fan or the air conditioning switched on) the moisture is removed and the windows do not mist up.
The other answers are wrong, because:
Moisture left after washing the car can raise the humidity inside, but on its own it does not make the windows mist up if the ventilation is working properly. If the windows do mist up (for example after washing), it means the heating and ventilation setting is wrong.
Too high a level of coolant has no effect on the windows misting up inside.
A large number of people in the car can raise the humidity, but the windows start to mist up only when the ventilation is working badly or is set wrongly.",178.jpg
179,It is prohibited to drive a vehicle:,If its roadworthiness test has expired.,If the number plate is bent (but still readable).,If the car's door is dented.,If the horn does not work.,1,1,"If you notice that the horn does not work, you are allowed to drive only as far as a parking or repair place. However, it is prohibited to operate (that is, to use regularly) a car that does not meet the technical requirements, for example one whose horn does not work.
Driving is prohibited in the cases set out in clause 234 of the Road Traffic Rules.",179.jpg
180,Is it allowed in Lithuania to use lamp glasses and bulbs that are not provided for?,It is allowed if they do not exceed the permitted power.,It is prohibited.,It is allowed if they are properly adjusted.,It is allowed if they are suited to the country where the vehicle is used.,2,1,"Technical requirements for motor vehicles and their trailers. It is prohibited to use lighting and light signalling devices that are not provided for, or whose use is prohibited.",180.jpg
181,Is it allowed to use fog lamps instead of dipped beam headlights?,It is allowed.,It is prohibited.,It is allowed if the front left dipped beam headlight is not working.,,3,1,"Clause 98. Fog lamps may be used only in poor visibility, and front fog lamps may also be used if the front left dipped beam headlight has failed.",181.jpg
182,The order for crossing the junction is:,"Tractor, motorcycle, car.","The car and the motorcycle at the same time, then the tractor.","Car, tractor, motorcycle.","The tractor and the car at the same time, then the motorcycle.",4,3,"In this situation the tractor and the car may go first at the same time in the directions shown, because the car is the only one with no obstacle on its right and the paths of the tractor and the car do not cross. The motorcyclist can only go second, after letting the tractor approaching from the right pass.",182.jpg
183,Where are U-turns prohibited?,Within 15 m of a junction.,At pedestrian crossings.,On roads with more than four traffic lanes.,On rural roads.,2,2,"Road Traffic Rules, clause 116. U-turns are prohibited:
116.1. at pedestrian crossings;
116.2. at level crossings;
116.3. in tunnels;
116.4. on and under bridges, flyovers and viaducts;
116.5. at places where the road is visible for less than 100 metres in at least one direction;
116.6. on roads with a central reservation, except at turning places built for that purpose and marked with road signs, or with road signs together with road markings.",183.jpg
184,In what order will the vehicles cross this junction?,"White, black, red, blue.","White, blue, red, black.","White, red, black, blue.","Black, blue, white, red.",3,3,"The white car is on the major road and is going straight ahead, so it goes first. Once the white car has passed, the red car no longer has an obstacle in its way and goes second. The black car goes third. The blue car crosses the junction last, because it must give way to the black car, which is travelling on a road of equal priority from the opposite direction and turning right.",184.jpg
185,Is such a manoeuvre allowed?,Yes.,No.,,,1,2,"Road Traffic Rules, clause 182. If a lane for scheduled public transport travelling in the same direction is at the right-hand edge of the carriageway and is not separated by a solid road marking line, drivers turning right must move into this lane before the turn, and drivers passing a vehicle that has stopped to turn left may move into it.",185.jpg
186,"How must you park your vehicle next to vehicles marked with the ""Disabled person"" distinguishing sign?",So that it does not stop a disabled person from getting in and out.,As close as possible.,,,1,1,"Road Traffic Rules, clause 152. Next to vehicles marked with the ""Disabled person"" distinguishing sign, a driver must park their own vehicle so that it does not prevent a disabled person from getting in (or out).",186.jpg
187,"Is it allowed to take agricultural, road, construction and other machinery that has not been specially prepared for transport across a level crossing?",No.,"No, if this could damage the equipment of the crossing.","Yes, if permission has been obtained from the owner of the railway.",,2,1,"Clause 173. A road user is prohibited from:
173.1. crossing the railway at places not intended for it;
173.2. passing other vehicles that have stopped before a level crossing to let a rail vehicle pass;
173.3. driving or walking onto a level crossing when the barrier is down or is starting to come down, raising the barrier without authorisation, or driving (or walking) around it;
173.4. driving onto a level crossing if there is an obstruction beyond it that would force the driver to stop on the crossing;
173.5. taking agricultural, road, construction and other machinery that has not been specially prepared for transport across a level crossing, if this could damage the equipment of the level crossing;
173.6. crossing a level crossing in a wheelchair without an accompanying person;
173.7. lingering or standing about on a level crossing, or taking longer than is needed to walk or drive across it.",187.jpg
188,Is the driver of the green car allowed to manoeuvre like this?,Yes.,No.,"Yes, if they are sure the manoeuvre is safe.",,2,2,"Road Traffic Rules, clause 110. If traffic is very heavy and all the lanes are occupied, changing lanes is allowed only when it is necessary in order to turn, make a U-turn or stop.",188.jpg
189,In what order will the cars cross the junction?,"Green, yellow, red, blue.","Red, green, yellow, blue.","The red, the yellow and the green together, then the blue.",,3,3,"At this junction of equal-priority roads the green, red and yellow cars are all turning right and their paths do not cross anything, so they can all go at the same time. The blue car is turning left, so it must give way to the yellow car coming from the opposite direction and turning right. The blue car crosses the junction last.",189.jpg
190,Which driver has priority?,The driver of the blue car.,The driver of the red car.,,,1,2,"The red car is going downhill (this is shown by the sign ""Steep descent"" rather than ""Steep ascent""), so it must give way to the blue car coming uphill.",190.jpg
191,Is the driver of the green car allowed to go straight ahead in this situation (continuing round the roundabout)?,It is allowed.,It is prohibited.,,,2,2,"Road Traffic Rules, Annex 1, sign 507. It indicates the number of lanes and the directions in which each lane may be used. Where a left turn is allowed, a U-turn is also allowed from the far left lane.",191.jpg
192,"When the paths of vehicles cross within a yard, who must give way?",The driver who has a vehicle approaching from the left.,The driver who has a vehicle approaching from the right.,,,2,1,"Road Traffic Rules, clause 115. Where the paths of vehicles cross and the order of movement is not covered by the Rules, the driver who has a vehicle approaching from the right must give way.",192.jpg
193,What must you do first before starting to overtake?,Make sure that the road ahead is clear.,Change down to a lower gear.,Increase speed.,Reduce speed.,1,1,"Road Traffic Rules, clause 136. Drivers are advised to avoid unnecessary overtaking manoeuvres. Before starting to overtake, a driver must take additional precautions and make sure that:
136.1. none of the drivers following behind has started to overtake them;
136.2. the driver of the vehicle to be overtaken is not signalling a left turn;
136.3. the part of the lane needed for overtaking is clear and that oncoming vehicles, or pedestrians moving on the carriageway, will not be obstructed;
136.4. a safe distance from the overtaken vehicle will be kept during the overtake;
136.5. on finishing the overtake they will be able to return to their own lane without obstructing the overtaken vehicle.",193.jpg
194,"What will you do if the rear axle of your car starts to slide sideways in a bend, when the car is rear-wheel drive?",Brake sharply and steer into the skid.,Ease off the accelerator and steer against the skid.,Brake sharply and steer against the skid.,Ease off the accelerator and steer into the skid.,4,3,"What you should do in this case:
Ease off the accelerator so that the rear wheels stop sliding.
Steer quickly into the skid (that is, if the rear end is sliding to the right, turn the wheel to the right).
Once the wheels regain grip, bring the steering back to the path you want to follow.
In this way grip is restored first and the car's course is then steadied.",194.jpg
195,"What should a driver do on seeing a pothole in the road that cannot be avoided, when the car's speed is high?",Stop braking just before entering the pothole.,Increase speed just before entering the pothole.,,,1,1,"On seeing a pothole you should reduce speed and try to drive round it. If that is not possible and the impact cannot be avoided, you should release the brake just before it and straighten the steering — this reduces the chance of damaging both the tyre and the suspension parts.",195.jpg
196,"Do you have to stop and give way to a pedestrian who has stepped onto an uncontrolled pedestrian crossing (into the first lane of the oncoming direction), when there is one lane in your direction of travel and two in the oncoming direction?",Yes.,No.,,,2,1,"Because the road has one lane in your direction of travel and two in the oncoming direction (three lanes in all), you must give way to the pedestrian only once they step into the lane of your direction of travel. If the pedestrian is still in the oncoming lanes (of which there are two), you do not have to stop and give way under this clause, because the requirement to give way to a pedestrian across the whole width of the crossing applies only where the road has one lane in each direction.
A driver must give way to a pedestrian who is in any lane of their direction of travel when there is one lane in each direction.",196.jpg
197,"You and a lorry coming the other way both want to turn left, but the lorry is blocking your view. What will you do?","Go, because I have priority.",Go only once I have made sure that it is safe.,"Go, because the traffic light is green for me.",,2,2,"A green traffic light allows you to proceed, but when turning left the driver must still give way to oncoming vehicles that are going straight ahead or turning right.
In this situation the lorry may be blocking the view, so the driver should not hurry. The safest thing is to wait, let the lorry pass, and only then, when it is clearly visible that nothing is coming the other way, complete the left turn.",197.jpg
198,In this situation priority belongs to:,"The driver of the white car, who is going straight ahead.","The driver of the blue car, who is moving into the adjacent lane.",,,1,1,"Road Traffic Rules, clause 104. When changing lanes, a driver must give way to vehicles travelling in the adjacent lane in the same direction. If vehicles travelling in the same direction change lanes at the same time, the driver must give way to the vehicle on the right, except in the cases set out in clause 112 of the Rules.
Road Traffic Rules, clause 112. Where there is an acceleration lane for joining a road, the driver must use it and merge into the traffic flow (move into the adjacent lane), giving way to vehicles travelling in that lane or moving into the deceleration lane.",198.jpg
199,Water that has got onto the brake pads reduces the effectiveness of the brakes. What will you do?,I will brake many times while standing still.,"I will pay no attention to it, because they will dry out in a few minutes.",I will brake gently several times while driving slowly.,,3,1,"After driving through deep water you should drive slowly for a while and press the brake pedal several times, drying the brake discs or drums and the pads or shoes. They dry out because of the rise in temperature as the pads rub against the brake discs, or the shoes against the brake drums.",199.jpg
200,"Must you take all necessary measures not to endanger the safety of other road users, if doing so would endanger your own life or health?","Yes, you must.",You do not have to.,The Road Traffic Rules do not cover this.,,2,1,Under the Road Traffic Rules a driver is not obliged to take measures that would endanger their own life or health.,200.jpg
201,The legal basis for road traffic safety in the Republic of Lithuania is laid down by:,The Civil Code of the Republic of Lithuania.,The Criminal Code of the Republic of Lithuania.,The Code of Administrative Offences of the Republic of Lithuania.,The Law on Road Traffic Safety of the Republic of Lithuania.,4,2,"Law on Road Traffic Safety, Article 1. Purpose and scope of the Law. 1. This Law lays down the legal basis for road traffic safety in the Republic of Lithuania, the duties of state and municipal institutions and bodies in implementing road safety policy, the training of road users, the main rights and duties of road users, of the persons responsible for road maintenance, of the police, of customs officers and of other inspecting officers, and also the main requirements relating to the technical condition of vehicles, the checking of that condition and the registration of vehicles, and the road safety requirements for roads, with the aim of protecting the life, health and property of road users and other people and of improving conditions for vehicle and pedestrian traffic.",201.jpg
202,"What is a ""level crossing""?",A place where the road crosses railway tracks at a height of 5 m.,A crossing of a road and a railway on the same level.,,,2,1,3.5. Level crossing — a crossing of a road and a railway on the same level.,202.jpg
203,What counts as scheduled public transport?,Taxis.,"Public transport vehicles (buses, trolleybuses, route taxis) that carry passengers regularly along a set route with specified stopping places.",Minibuses.,,2,1,"A minibus is a vehicle with no more than 8 passenger seats (not counting the driver's seat) and a maximum authorised mass not exceeding 3.5 t. It can be either a private or a commercial vehicle.
A route taxi (or route minibus) is a public transport vehicle that runs along a set route, with set stops and a ""Scheduled public transport"" sign.",203.jpg
204,Which vehicle will cross the junction last?,The bicycle.,The quadricycle.,The car.,,2,3,"The cyclist goes first, because they have no obstacle on their right. The car goes second, because once the bicycle has passed it no longer has an obstacle on its right. The driver of the quadricycle goes last, because once the car has passed there is no longer an obstacle on its right either.",204.jpg
205,"Before moving off from a stop, must the driver of a scheduled public transport vehicle make sure that way is being given to them?","Yes, they must.","No, they do not have to.",Scheduled public transport always has priority over other vehicles.,,1,1,"Road Traffic Rules, clause 180. Before moving off from a stop, the driver of a scheduled public transport vehicle must make sure that way is being given to them.",205.jpg
206,"To be able to start learning to drive a category B car on the road, you must be at least:",16 years old.,17 years old.,18 years old.,,2,1,"Category B may be driven from the age of 18, and learning may be started a year earlier, from the age of 17.",206.jpg
207,Which driver of a horse-drawn vehicle is travelling correctly on a road with shoulders?,A.,B.,Both are travelling incorrectly.,,1,1,"Road Traffic Rules, clause 68. Driving animal-drawn vehicles, herding animals or birds and horse riding are allowed only on the right-hand shoulder, or, where there is none, along the right-hand edge of the carriageway, as close as possible to the edge of the carriageway and without endangering other road users.
Road Traffic Rules, clause 69. Animal-drawn carts or sledges must carry white reflectors at the front, amber at the sides and red at the rear, fixed in clearly visible places and marking the outermost points of the cart or sledge.",207.jpg
208,What must the driver of a motor vehicle bring with them after receiving a police summons to attend the police at a stated time?,"An identity document in all cases; the roadworthiness test document, the compulsory motor third party liability insurance document and the driving licence if the summons says so.",The driving licence in all cases.,A valid medical certificate of the driver's health check.,A certificate of first aid training showing that the compulsory first aid course has been completed.,1,1,"8. On receiving a police summons, a road user must attend the police station at the stated time. They must bring with them an identity document and the other documents stated in the summons.",208.jpg
209,Are winter or all-season tyres needed in winter on a single-axle car trailer without a braking system?,Yes.,No.,,,1,1,"Between 10 November and 31 March it is prohibited to operate motor vehicles and trailers with summer tyres (the tread depth must be at least 3.0 mm). Summer tyres are therefore prohibited during the winter season, but there is no need to fit winter tyres specifically — all-season tyres may be used as well.",209.jpg
210,The roadworthiness test for cars must be carried out:,Every 12 months.,"3 years after the date of first registration, and every 12 months after that.","2 years after the date of first registration, and every 24 months after that.","3 years after the date of first registration, and every 24 months after that.",4,2,"""From first registration"" means from when the car was still new.",210.jpg
211,"What does the octane number of petrol, 95 or 98, describe?",The engine's resistance to knocking.,The petrol's resistance to low temperatures.,The petrol's resistance to knocking.,,3,2,"The octane number describes the ability of petrol to burn in an internal combustion engine without knocking. Knocking is the spontaneous and premature ignition of the mixture of petrol vapour and air, not by the spark plug but by compression and by hot parts of the cylinder. The resistance of that mixture to spontaneous knocking is expressed by the octane number.",211.jpg
212,Is it allowed to switch on the main beam headlights in the dark on an unlit road in a built-up area?,It is allowed.,It is prohibited.,,,1,1,"Switching on the main beam headlights in a built-up area on an unlit road is allowed if:
the road in the built-up area is unlit,
and you do not dazzle other drivers.",212.jpg
213,Is a person herding animals along the road considered to be a driver?,Yes.,No.,,,1,1,"Law on Road Traffic Safety, Article 2, clause 92. A driver is a person driving a vehicle. Persons taking part in traffic under the additional requirements laid down in this Law are treated as drivers as well (drivers of animal-drawn vehicles, riders, persons herding animals or birds along the road), as are persons giving driving instruction.",213.jpg
214,How long does it take for 1.5 per mille of alcohol to leave the human body?,The alcohol is broken down after only 1 hour.,The alcohol is broken down after only 6 hours.,The alcohol is broken down after only 12 hours.,,3,1,"The question asks how long it takes for 1.5 per mille of alcohol to leave the body, not the blood.
The amount of alcohol falls very slowly, at a rate that is known in advance, because a person's liver breaks down a certain amount of it every hour. In removing alcohol from the body the liver does 90% of the work, and the lungs and kidneys 10%. A healthy person's liver breaks down between 0.15 and 0.20 ‰ per hour. Removing 1 ‰ will therefore take about 6 hours on average.
If you drank 200 g of vodka during the evening, you must not get behind the wheel for at least another 10–12 hours.
Alcohol can be detected in urine for three to five days, in blood for 10 to 12 hours, in hair for up to 90 days, and in exhaled air for up to 24 hours.
If there was heavy drinking in the evening and a person wants to drive in the morning, they should note when the last drink was finished. For most people 12 hours must pass after the last drink for the alcohol really to be broken down, and in some cases even more time may be needed.",214.jpg
215,At what speed is it allowed to drive an animal-drawn vehicle on the road?,No faster than 5 km/h.,No faster than 20 km/h.,"At a safe speed, without endangering other road users.",At the maximum speed permitted on that stretch of road.,3,2,"The Road Traffic Rules do not set an exact speed for driving animals, because this is not a vehicle.
Movement is allowed only on the right-hand shoulder or along the edge of the carriageway, at a safe speed, so as not to endanger other road users.
""The maximum permitted speed"" is therefore not right here — that idea applies to vehicles, not to animal-drawn traffic.",215.jpg
216,Which children must be carried in special seats suited to their height and weight?,"Only children under 3 years old, regardless of height.","Only children under 12 years old, regardless of height.",Children under 150 cm tall.,Children under 135 cm tall.,4,1,"Road Traffic Rules, clause 199. Children under 135 cm tall who are carried in a car or a lorry must be restrained by child restraint systems suited to their height and weight, according to the size range and maximum child weight stated by the manufacturer, or according to these groups:
199.1. group 0 is for children weighing less than 10 kg;

199.2. group 0+ is for children weighing less than 13 kg;

199.3. group I is for children weighing between 9 and 18 kg;

199.4. group II is for children weighing between 15 and 25 kg;

199.5. group III is for children weighing between 22 and 36 kg.",216.jpg
217,How many motor vehicles may be towed at the same time?,One.,Two.,Three.,,1,1,"Road Traffic Rules, clause 217. Towing or carrying vehicles is prohibited:
217.6. towing more than one motor vehicle, tractor or self-propelled machine;",217.jpg
218,Is the place where a road is joined from an adjacent car park a junction?,Yes.,No.,,,2,2,"Places where a road is left for premises beside it, or where a road is joined from premises beside it, are not treated as junctions. The yellow car is parked incorrectly, but that has no bearing on the answer to the question.",218.jpg
219,Is a junction shown in this picture?,Yes.,No.,,,1,2,"Places where a road is left for premises beside it, or where a road is joined from premises beside it, are not treated as junctions. In this case a surfaced road crosses a field road, so this crossing is treated as a junction.",219.jpg
220,"What is ""the hours of darkness""?",When the road is visible for less than 300 metres.,The time from the end of dusk until the beginning of morning twilight.,The time from sunset until sunrise.,When the road is visible for less than 200 metres.,3,1,"Law on Road Traffic Safety, Article 2, clause 69. The hours of darkness — the time from sunset until sunrise.",220.jpg
221,What is the minimum age for starting to learn to drive tricycles with a power output of more than 15 kW?,20 years.,21 years.,23 years.,24 years.,1,1,Learning may be started one year earlier (from the age of 20) than the age at which a driving licence of this category may be obtained (from the age of 21).,221.jpg
